652 imagens | 0 em cache | 652 pendentes
/Users/richardkevin/code/encartes-history/.venv/lib/python3.14/site-packages/torch/utils/data/dataloader.py:759: UserWarning: 'pin_memory' argument is set as true but not supported on MPS now, device pinned memory won't be used.
  super().__init__(loader)
/Users/richardkevin/code/encartes-history/.venv/lib/python3.14/site-packages/torch/utils/data/dataloader.py:759: UserWarning: 'pin_memory' argument is set as true but not supported on MPS now, device pinned memory won't be used.
  super().__init__(loader)
/Users/richardkevin/code/encartes-history/.venv/lib/python3.14/site-packages/torch/utils/data/dataloader.py:759: UserWarning: 'pin_memory' argument is set as true but not supported on MPS now, device pinned memory won't be used.
  super().__init__(loader)
/Users/richardkevin/code/encartes-history/.venv/lib/python3.14/site-packages/torch/utils/data/dataloader.py:759: UserWarning: 'pin_memory' argument is set as true but not supported on MPS now, device pinned memory won't be used.
  super().__init__(loader)
/Users/richardkevin/code/encartes-history/.venv/lib/python3.14/site-packages/torch/utils/data/dataloader.py:759: UserWarning: 'pin_memory' argument is set as true but not supported on MPS now, device pinned memory won't be used.
  super().__init__(loader)
/Users/richardkevin/code/encartes-history/.venv/lib/python3.14/site-packages/torch/utils/data/dataloader.py:759: UserWarning: 'pin_memory' argument is set as true but not supported on MPS now, device pinned memory won't be used.
  super().__init__(loader)
/Users/richardkevin/code/encartes-history/.venv/lib/python3.14/site-packages/torch/utils/data/dataloader.py:759: UserWarning: 'pin_memory' argument is set as true but not supported on MPS now, device pinned memory won't be used.
  super().__init__(loader)
/Users/richardkevin/code/encartes-history/.venv/lib/python3.14/site-packages/torch/utils/data/dataloader.py:759: UserWarning: 'pin_memory' argument is set as true but not supported on MPS now, device pinned memory won't be used.
  super().__init__(loader)
/Users/richardkevin/code/encartes-history/.venv/lib/python3.14/site-packages/torch/utils/data/dataloader.py:759: UserWarning: 'pin_memory' argument is set as true but not supported on MPS now, device pinned memory won't be used.
  super().__init__(loader)
/Users/richardkevin/code/encartes-history/.venv/lib/python3.14/site-packages/torch/utils/data/dataloader.py:759: UserWarning: 'pin_memory' argument is set as true but not supported on MPS now, device pinned memory won't be used.
  super().__init__(loader)
[OCR 10/652]
/Users/richardkevin/code/encartes-history/.venv/lib/python3.14/site-packages/torch/utils/data/dataloader.py:759: UserWarning: 'pin_memory' argument is set as true but not supported on MPS now, device pinned memory won't be used.
  super().__init__(loader)
/Users/richardkevin/code/encartes-history/.venv/lib/python3.14/site-packages/torch/utils/data/dataloader.py:759: UserWarning: 'pin_memory' argument is set as true but not supported on MPS now, device pinned memory won't be used.
  super().__init__(loader)
/Users/richardkevin/code/encartes-history/.venv/lib/python3.14/site-packages/torch/utils/data/dataloader.py:759: UserWarning: 'pin_memory' argument is set as true but not supported on MPS now, device pinned memory won't be used.
  super().__init__(loader)
/Users/richardkevin/code/encartes-history/.venv/lib/python3.14/site-packages/torch/utils/data/dataloader.py:759: UserWarning: 'pin_memory' argument is set as true but not supported on MPS now, device pinned memory won't be used.
  super().__init__(loader)
/Users/richardkevin/code/encartes-history/.venv/lib/python3.14/site-packages/torch/utils/data/dataloader.py:759: UserWarning: 'pin_memory' argument is set as true but not supported on MPS now, device pinned memory won't be used.
  super().__init__(loader)
/Users/richardkevin/code/encartes-history/.venv/lib/python3.14/site-packages/torch/utils/data/dataloader.py:759: UserWarning: 'pin_memory' argument is set as true but not supported on MPS now, device pinned memory won't be used.
  super().__init__(loader)
/Users/richardkevin/code/encartes-history/.venv/lib/python3.14/site-packages/torch/utils/data/dataloader.py:759: UserWarning: 'pin_memory' argument is set as true but not supported on MPS now, device pinned memory won't be used.
  super().__init__(loader)
/Users/richardkevin/code/encartes-history/.venv/lib/python3.14/site-packages/torch/utils/data/dataloader.py:759: UserWarning: 'pin_memory' argument is set as true but not supported on MPS now, device pinned memory won't be used.
  super().__init__(loader)
/Users/richardkevin/code/encartes-history/.venv/lib/python3.14/site-packages/torch/utils/data/dataloader.py:759: UserWarning: 'pin_memory' argument is set as true but not supported on MPS now, device pinned memory won't be used.
  super().__init__(loader)
/Users/richardkevin/code/encartes-history/.venv/lib/python3.14/site-packages/torch/utils/data/dataloader.py:759: UserWarning: 'pin_memory' argument is set as true but not supported on MPS now, device pinned memory won't be used.
  super().__init__(loader)
[OCR 20/652]
/Users/richardkevin/code/encartes-history/.venv/lib/python3.14/site-packages/torch/utils/data/dataloader.py:759: UserWarning: 'pin_memory' argument is set as true but not supported on MPS now, device pinned memory won't be used.
  super().__init__(loader)
/Users/richardkevin/code/encartes-history/.venv/lib/python3.14/site-packages/torch/utils/data/dataloader.py:759: UserWarning: 'pin_memory' argument is set as true but not supported on MPS now, device pinned memory won't be used.
  super().__init__(loader)
/Users/richardkevin/code/encartes-history/.venv/lib/python3.14/site-packages/torch/utils/data/dataloader.py:759: UserWarning: 'pin_memory' argument is set as true but not supported on MPS now, device pinned memory won't be used.
  super().__init__(loader)
/Users/richardkevin/code/encartes-history/.venv/lib/python3.14/site-packages/torch/utils/data/dataloader.py:759: UserWarning: 'pin_memory' argument is set as true but not supported on MPS now, device pinned memory won't be used.
  super().__init__(loader)
/Users/richardkevin/code/encartes-history/.venv/lib/python3.14/site-packages/torch/utils/data/dataloader.py:759: UserWarning: 'pin_memory' argument is set as true but not supported on MPS now, device pinned memory won't be used.
  super().__init__(loader)
/Users/richardkevin/code/encartes-history/.venv/lib/python3.14/site-packages/torch/utils/data/dataloader.py:759: UserWarning: 'pin_memory' argument is set as true but not supported on MPS now, device pinned memory won't be used.
  super().__init__(loader)
/Users/richardkevin/code/encartes-history/.venv/lib/python3.14/site-packages/torch/utils/data/dataloader.py:759: UserWarning: 'pin_memory' argument is set as true but not supported on MPS now, device pinned memory won't be used.
  super().__init__(loader)
/Users/richardkevin/code/encartes-history/.venv/lib/python3.14/site-packages/torch/utils/data/dataloader.py:759: UserWarning: 'pin_memory' argument is set as true but not supported on MPS now, device pinned memory won't be used.
  super().__init__(loader)
/Users/richardkevin/code/encartes-history/.venv/lib/python3.14/site-packages/torch/utils/data/dataloader.py:759: UserWarning: 'pin_memory' argument is set as true but not supported on MPS now, device pinned memory won't be used.
  super().__init__(loader)
/Users/richardkevin/code/encartes-history/.venv/lib/python3.14/site-packages/torch/utils/data/dataloader.py:759: UserWarning: 'pin_memory' argument is set as true but not supported on MPS now, device pinned memory won't be used.
  super().__init__(loader)
[OCR 30/652]
/Users/richardkevin/code/encartes-history/.venv/lib/python3.14/site-packages/torch/utils/data/dataloader.py:759: UserWarning: 'pin_memory' argument is set as true but not supported on MPS now, device pinned memory won't be used.
  super().__init__(loader)
/Users/richardkevin/code/encartes-history/.venv/lib/python3.14/site-packages/torch/utils/data/dataloader.py:759: UserWarning: 'pin_memory' argument is set as true but not supported on MPS now, device pinned memory won't be used.
  super().__init__(loader)
/Users/richardkevin/code/encartes-history/.venv/lib/python3.14/site-packages/torch/utils/data/dataloader.py:759: UserWarning: 'pin_memory' argument is set as true but not supported on MPS now, device pinned memory won't be used.
  super().__init__(loader)
/Users/richardkevin/code/encartes-history/.venv/lib/python3.14/site-packages/torch/utils/data/dataloader.py:759: UserWarning: 'pin_memory' argument is set as true but not supported on MPS now, device pinned memory won't be used.
  super().__init__(loader)
/Users/richardkevin/code/encartes-history/.venv/lib/python3.14/site-packages/torch/utils/data/dataloader.py:759: UserWarning: 'pin_memory' argument is set as true but not supported on MPS now, device pinned memory won't be used.
  super().__init__(loader)
/Users/richardkevin/code/encartes-history/.venv/lib/python3.14/site-packages/torch/utils/data/dataloader.py:759: UserWarning: 'pin_memory' argument is set as true but not supported on MPS now, device pinned memory won't be used.
  super().__init__(loader)
/Users/richardkevin/code/encartes-history/.venv/lib/python3.14/site-packages/torch/utils/data/dataloader.py:759: UserWarning: 'pin_memory' argument is set as true but not supported on MPS now, device pinned memory won't be used.
  super().__init__(loader)
/Users/richardkevin/code/encartes-history/.venv/lib/python3.14/site-packages/torch/utils/data/dataloader.py:759: UserWarning: 'pin_memory' argument is set as true but not supported on MPS now, device pinned memory won't be used.
  super().__init__(loader)
/Users/richardkevin/code/encartes-history/.venv/lib/python3.14/site-packages/torch/utils/data/dataloader.py:759: UserWarning: 'pin_memory' argument is set as true but not supported on MPS now, device pinned memory won't be used.
  super().__init__(loader)
/Users/richardkevin/code/encartes-history/.venv/lib/python3.14/site-packages/torch/utils/data/dataloader.py:759: UserWarning: 'pin_memory' argument is set as true but not supported on MPS now, device pinned memory won't be used.
  super().__init__(loader)
[OCR 40/652]
/Users/richardkevin/code/encartes-history/.venv/lib/python3.14/site-packages/torch/utils/data/dataloader.py:759: UserWarning: 'pin_memory' argument is set as true but not supported on MPS now, device pinned memory won't be used.
  super().__init__(loader)
/Users/richardkevin/code/encartes-history/.venv/lib/python3.14/site-packages/torch/utils/data/dataloader.py:759: UserWarning: 'pin_memory' argument is set as true but not supported on MPS now, device pinned memory won't be used.
  super().__init__(loader)
/Users/richardkevin/code/encartes-history/.venv/lib/python3.14/site-packages/torch/utils/data/dataloader.py:759: UserWarning: 'pin_memory' argument is set as true but not supported on MPS now, device pinned memory won't be used.
  super().__init__(loader)
/Users/richardkevin/code/encartes-history/.venv/lib/python3.14/site-packages/torch/utils/data/dataloader.py:759: UserWarning: 'pin_memory' argument is set as true but not supported on MPS now, device pinned memory won't be used.
  super().__init__(loader)
/Users/richardkevin/code/encartes-history/.venv/lib/python3.14/site-packages/torch/utils/data/dataloader.py:759: UserWarning: 'pin_memory' argument is set as true but not supported on MPS now, device pinned memory won't be used.
  super().__init__(loader)
/Users/richardkevin/code/encartes-history/.venv/lib/python3.14/site-packages/torch/utils/data/dataloader.py:759: UserWarning: 'pin_memory' argument is set as true but not supported on MPS now, device pinned memory won't be used.
  super().__init__(loader)
/Users/richardkevin/code/encartes-history/.venv/lib/python3.14/site-packages/torch/utils/data/dataloader.py:759: UserWarning: 'pin_memory' argument is set as true but not supported on MPS now, device pinned memory won't be used.
  super().__init__(loader)
/Users/richardkevin/code/encartes-history/.venv/lib/python3.14/site-packages/torch/utils/data/dataloader.py:759: UserWarning: 'pin_memory' argument is set as true but not supported on MPS now, device pinned memory won't be used.
  super().__init__(loader)
/Users/richardkevin/code/encartes-history/.venv/lib/python3.14/site-packages/torch/utils/data/dataloader.py:759: UserWarning: 'pin_memory' argument is set as true but not supported on MPS now, device pinned memory won't be used.
  super().__init__(loader)
/Users/richardkevin/code/encartes-history/.venv/lib/python3.14/site-packages/torch/utils/data/dataloader.py:759: UserWarning: 'pin_memory' argument is set as true but not supported on MPS now, device pinned memory won't be used.
  super().__init__(loader)
[OCR 50/652]
/Users/richardkevin/code/encartes-history/.venv/lib/python3.14/site-packages/torch/utils/data/dataloader.py:759: UserWarning: 'pin_memory' argument is set as true but not supported on MPS now, device pinned memory won't be used.
  super().__init__(loader)
/Users/richardkevin/code/encartes-history/.venv/lib/python3.14/site-packages/torch/utils/data/dataloader.py:759: UserWarning: 'pin_memory' argument is set as true but not supported on MPS now, device pinned memory won't be used.
  super().__init__(loader)
/Users/richardkevin/code/encartes-history/.venv/lib/python3.14/site-packages/torch/utils/data/dataloader.py:759: UserWarning: 'pin_memory' argument is set as true but not supported on MPS now, device pinned memory won't be used.
  super().__init__(loader)
/Users/richardkevin/code/encartes-history/.venv/lib/python3.14/site-packages/torch/utils/data/dataloader.py:759: UserWarning: 'pin_memory' argument is set as true but not supported on MPS now, device pinned memory won't be used.
  super().__init__(loader)
/Users/richardkevin/code/encartes-history/.venv/lib/python3.14/site-packages/torch/utils/data/dataloader.py:759: UserWarning: 'pin_memory' argument is set as true but not supported on MPS now, device pinned memory won't be used.
  super().__init__(loader)
/Users/richardkevin/code/encartes-history/.venv/lib/python3.14/site-packages/torch/utils/data/dataloader.py:759: UserWarning: 'pin_memory' argument is set as true but not supported on MPS now, device pinned memory won't be used.
  super().__init__(loader)
/Users/richardkevin/code/encartes-history/.venv/lib/python3.14/site-packages/torch/utils/data/dataloader.py:759: UserWarning: 'pin_memory' argument is set as true but not supported on MPS now, device pinned memory won't be used.
  super().__init__(loader)
/Users/richardkevin/code/encartes-history/.venv/lib/python3.14/site-packages/torch/utils/data/dataloader.py:759: UserWarning: 'pin_memory' argument is set as true but not supported on MPS now, device pinned memory won't be used.
  super().__init__(loader)
/Users/richardkevin/code/encartes-history/.venv/lib/python3.14/site-packages/torch/utils/data/dataloader.py:759: UserWarning: 'pin_memory' argument is set as true but not supported on MPS now, device pinned memory won't be used.
  super().__init__(loader)
/Users/richardkevin/code/encartes-history/.venv/lib/python3.14/site-packages/torch/utils/data/dataloader.py:759: UserWarning: 'pin_memory' argument is set as true but not supported on MPS now, device pinned memory won't be used.
  super().__init__(loader)
[OCR 60/652]
/Users/richardkevin/code/encartes-history/.venv/lib/python3.14/site-packages/torch/utils/data/dataloader.py:759: UserWarning: 'pin_memory' argument is set as true but not supported on MPS now, device pinned memory won't be used.
  super().__init__(loader)
/Users/richardkevin/code/encartes-history/.venv/lib/python3.14/site-packages/torch/utils/data/dataloader.py:759: UserWarning: 'pin_memory' argument is set as true but not supported on MPS now, device pinned memory won't be used.
  super().__init__(loader)
/Users/richardkevin/code/encartes-history/.venv/lib/python3.14/site-packages/torch/utils/data/dataloader.py:759: UserWarning: 'pin_memory' argument is set as true but not supported on MPS now, device pinned memory won't be used.
  super().__init__(loader)
/Users/richardkevin/code/encartes-history/.venv/lib/python3.14/site-packages/torch/utils/data/dataloader.py:759: UserWarning: 'pin_memory' argument is set as true but not supported on MPS now, device pinned memory won't be used.
  super().__init__(loader)
/Users/richardkevin/code/encartes-history/.venv/lib/python3.14/site-packages/torch/utils/data/dataloader.py:759: UserWarning: 'pin_memory' argument is set as true but not supported on MPS now, device pinned memory won't be used.
  super().__init__(loader)
/Users/richardkevin/code/encartes-history/.venv/lib/python3.14/site-packages/torch/utils/data/dataloader.py:759: UserWarning: 'pin_memory' argument is set as true but not supported on MPS now, device pinned memory won't be used.
  super().__init__(loader)
/Users/richardkevin/code/encartes-history/.venv/lib/python3.14/site-packages/torch/utils/data/dataloader.py:759: UserWarning: 'pin_memory' argument is set as true but not supported on MPS now, device pinned memory won't be used.
  super().__init__(loader)
/Users/richardkevin/code/encartes-history/.venv/lib/python3.14/site-packages/torch/utils/data/dataloader.py:759: UserWarning: 'pin_memory' argument is set as true but not supported on MPS now, device pinned memory won't be used.
  super().__init__(loader)
/Users/richardkevin/code/encartes-history/.venv/lib/python3.14/site-packages/torch/utils/data/dataloader.py:759: UserWarning: 'pin_memory' argument is set as true but not supported on MPS now, device pinned memory won't be used.
  super().__init__(loader)
/Users/richardkevin/code/encartes-history/.venv/lib/python3.14/site-packages/torch/utils/data/dataloader.py:759: UserWarning: 'pin_memory' argument is set as true but not supported on MPS now, device pinned memory won't be used.
  super().__init__(loader)
[OCR 70/652]
/Users/richardkevin/code/encartes-history/.venv/lib/python3.14/site-packages/torch/utils/data/dataloader.py:759: UserWarning: 'pin_memory' argument is set as true but not supported on MPS now, device pinned memory won't be used.
  super().__init__(loader)
/Users/richardkevin/code/encartes-history/.venv/lib/python3.14/site-packages/torch/utils/data/dataloader.py:759: UserWarning: 'pin_memory' argument is set as true but not supported on MPS now, device pinned memory won't be used.
  super().__init__(loader)
/Users/richardkevin/code/encartes-history/.venv/lib/python3.14/site-packages/torch/utils/data/dataloader.py:759: UserWarning: 'pin_memory' argument is set as true but not supported on MPS now, device pinned memory won't be used.
  super().__init__(loader)
/Users/richardkevin/code/encartes-history/.venv/lib/python3.14/site-packages/torch/utils/data/dataloader.py:759: UserWarning: 'pin_memory' argument is set as true but not supported on MPS now, device pinned memory won't be used.
  super().__init__(loader)
/Users/richardkevin/code/encartes-history/.venv/lib/python3.14/site-packages/torch/utils/data/dataloader.py:759: UserWarning: 'pin_memory' argument is set as true but not supported on MPS now, device pinned memory won't be used.
  super().__init__(loader)
/Users/richardkevin/code/encartes-history/.venv/lib/python3.14/site-packages/torch/utils/data/dataloader.py:759: UserWarning: 'pin_memory' argument is set as true but not supported on MPS now, device pinned memory won't be used.
  super().__init__(loader)
/Users/richardkevin/code/encartes-history/.venv/lib/python3.14/site-packages/torch/utils/data/dataloader.py:759: UserWarning: 'pin_memory' argument is set as true but not supported on MPS now, device pinned memory won't be used.
  super().__init__(loader)
/Users/richardkevin/code/encartes-history/.venv/lib/python3.14/site-packages/torch/utils/data/dataloader.py:759: UserWarning: 'pin_memory' argument is set as true but not supported on MPS now, device pinned memory won't be used.
  super().__init__(loader)
/Users/richardkevin/code/encartes-history/.venv/lib/python3.14/site-packages/torch/utils/data/dataloader.py:759: UserWarning: 'pin_memory' argument is set as true but not supported on MPS now, device pinned memory won't be used.
  super().__init__(loader)
/Users/richardkevin/code/encartes-history/.venv/lib/python3.14/site-packages/torch/utils/data/dataloader.py:759: UserWarning: 'pin_memory' argument is set as true but not supported on MPS now, device pinned memory won't be used.
  super().__init__(loader)
[OCR 80/652]
/Users/richardkevin/code/encartes-history/.venv/lib/python3.14/site-packages/torch/utils/data/dataloader.py:759: UserWarning: 'pin_memory' argument is set as true but not supported on MPS now, device pinned memory won't be used.
  super().__init__(loader)
/Users/richardkevin/code/encartes-history/.venv/lib/python3.14/site-packages/torch/utils/data/dataloader.py:759: UserWarning: 'pin_memory' argument is set as true but not supported on MPS now, device pinned memory won't be used.
  super().__init__(loader)
/Users/richardkevin/code/encartes-history/.venv/lib/python3.14/site-packages/torch/utils/data/dataloader.py:759: UserWarning: 'pin_memory' argument is set as true but not supported on MPS now, device pinned memory won't be used.
  super().__init__(loader)
/Users/richardkevin/code/encartes-history/.venv/lib/python3.14/site-packages/torch/utils/data/dataloader.py:759: UserWarning: 'pin_memory' argument is set as true but not supported on MPS now, device pinned memory won't be used.
  super().__init__(loader)
/Users/richardkevin/code/encartes-history/.venv/lib/python3.14/site-packages/torch/utils/data/dataloader.py:759: UserWarning: 'pin_memory' argument is set as true but not supported on MPS now, device pinned memory won't be used.
  super().__init__(loader)
/Users/richardkevin/code/encartes-history/.venv/lib/python3.14/site-packages/torch/utils/data/dataloader.py:759: UserWarning: 'pin_memory' argument is set as true but not supported on MPS now, device pinned memory won't be used.
  super().__init__(loader)
/Users/richardkevin/code/encartes-history/.venv/lib/python3.14/site-packages/torch/utils/data/dataloader.py:759: UserWarning: 'pin_memory' argument is set as true but not supported on MPS now, device pinned memory won't be used.
  super().__init__(loader)
/Users/richardkevin/code/encartes-history/.venv/lib/python3.14/site-packages/torch/utils/data/dataloader.py:759: UserWarning: 'pin_memory' argument is set as true but not supported on MPS now, device pinned memory won't be used.
  super().__init__(loader)
/Users/richardkevin/code/encartes-history/.venv/lib/python3.14/site-packages/torch/utils/data/dataloader.py:759: UserWarning: 'pin_memory' argument is set as true but not supported on MPS now, device pinned memory won't be used.
  super().__init__(loader)
/Users/richardkevin/code/encartes-history/.venv/lib/python3.14/site-packages/torch/utils/data/dataloader.py:759: UserWarning: 'pin_memory' argument is set as true but not supported on MPS now, device pinned memory won't be used.
  super().__init__(loader)
[OCR 90/652]
/Users/richardkevin/code/encartes-history/.venv/lib/python3.14/site-packages/torch/utils/data/dataloader.py:759: UserWarning: 'pin_memory' argument is set as true but not supported on MPS now, device pinned memory won't be used.
  super().__init__(loader)
/Users/richardkevin/code/encartes-history/.venv/lib/python3.14/site-packages/torch/utils/data/dataloader.py:759: UserWarning: 'pin_memory' argument is set as true but not supported on MPS now, device pinned memory won't be used.
  super().__init__(loader)
/Users/richardkevin/code/encartes-history/.venv/lib/python3.14/site-packages/torch/utils/data/dataloader.py:759: UserWarning: 'pin_memory' argument is set as true but not supported on MPS now, device pinned memory won't be used.
  super().__init__(loader)
/Users/richardkevin/code/encartes-history/.venv/lib/python3.14/site-packages/torch/utils/data/dataloader.py:759: UserWarning: 'pin_memory' argument is set as true but not supported on MPS now, device pinned memory won't be used.
  super().__init__(loader)
/Users/richardkevin/code/encartes-history/.venv/lib/python3.14/site-packages/torch/utils/data/dataloader.py:759: UserWarning: 'pin_memory' argument is set as true but not supported on MPS now, device pinned memory won't be used.
  super().__init__(loader)
/Users/richardkevin/code/encartes-history/.venv/lib/python3.14/site-packages/torch/utils/data/dataloader.py:759: UserWarning: 'pin_memory' argument is set as true but not supported on MPS now, device pinned memory won't be used.
  super().__init__(loader)
/Users/richardkevin/code/encartes-history/.venv/lib/python3.14/site-packages/torch/utils/data/dataloader.py:759: UserWarning: 'pin_memory' argument is set as true but not supported on MPS now, device pinned memory won't be used.
  super().__init__(loader)
/Users/richardkevin/code/encartes-history/.venv/lib/python3.14/site-packages/torch/utils/data/dataloader.py:759: UserWarning: 'pin_memory' argument is set as true but not supported on MPS now, device pinned memory won't be used.
  super().__init__(loader)
/Users/richardkevin/code/encartes-history/.venv/lib/python3.14/site-packages/torch/utils/data/dataloader.py:759: UserWarning: 'pin_memory' argument is set as true but not supported on MPS now, device pinned memory won't be used.
  super().__init__(loader)
/Users/richardkevin/code/encartes-history/.venv/lib/python3.14/site-packages/torch/utils/data/dataloader.py:759: UserWarning: 'pin_memory' argument is set as true but not supported on MPS now, device pinned memory won't be used.
  super().__init__(loader)
[OCR 100/652]
/Users/richardkevin/code/encartes-history/.venv/lib/python3.14/site-packages/torch/utils/data/dataloader.py:759: UserWarning: 'pin_memory' argument is set as true but not supported on MPS now, device pinned memory won't be used.
  super().__init__(loader)
/Users/richardkevin/code/encartes-history/.venv/lib/python3.14/site-packages/torch/utils/data/dataloader.py:759: UserWarning: 'pin_memory' argument is set as true but not supported on MPS now, device pinned memory won't be used.
  super().__init__(loader)
/Users/richardkevin/code/encartes-history/.venv/lib/python3.14/site-packages/torch/utils/data/dataloader.py:759: UserWarning: 'pin_memory' argument is set as true but not supported on MPS now, device pinned memory won't be used.
  super().__init__(loader)
/Users/richardkevin/code/encartes-history/.venv/lib/python3.14/site-packages/torch/utils/data/dataloader.py:759: UserWarning: 'pin_memory' argument is set as true but not supported on MPS now, device pinned memory won't be used.
  super().__init__(loader)
/Users/richardkevin/code/encartes-history/.venv/lib/python3.14/site-packages/torch/utils/data/dataloader.py:759: UserWarning: 'pin_memory' argument is set as true but not supported on MPS now, device pinned memory won't be used.
  super().__init__(loader)
/Users/richardkevin/code/encartes-history/.venv/lib/python3.14/site-packages/torch/utils/data/dataloader.py:759: UserWarning: 'pin_memory' argument is set as true but not supported on MPS now, device pinned memory won't be used.
  super().__init__(loader)
/Users/richardkevin/code/encartes-history/.venv/lib/python3.14/site-packages/torch/utils/data/dataloader.py:759: UserWarning: 'pin_memory' argument is set as true but not supported on MPS now, device pinned memory won't be used.
  super().__init__(loader)
/Users/richardkevin/code/encartes-history/.venv/lib/python3.14/site-packages/torch/utils/data/dataloader.py:759: UserWarning: 'pin_memory' argument is set as true but not supported on MPS now, device pinned memory won't be used.
  super().__init__(loader)
/Users/richardkevin/code/encartes-history/.venv/lib/python3.14/site-packages/torch/utils/data/dataloader.py:759: UserWarning: 'pin_memory' argument is set as true but not supported on MPS now, device pinned memory won't be used.
  super().__init__(loader)
/Users/richardkevin/code/encartes-history/.venv/lib/python3.14/site-packages/torch/utils/data/dataloader.py:759: UserWarning: 'pin_memory' argument is set as true but not supported on MPS now, device pinned memory won't be used.
  super().__init__(loader)
[OCR 110/652]
/Users/richardkevin/code/encartes-history/.venv/lib/python3.14/site-packages/torch/utils/data/dataloader.py:759: UserWarning: 'pin_memory' argument is set as true but not supported on MPS now, device pinned memory won't be used.
  super().__init__(loader)
/Users/richardkevin/code/encartes-history/.venv/lib/python3.14/site-packages/torch/utils/data/dataloader.py:759: UserWarning: 'pin_memory' argument is set as true but not supported on MPS now, device pinned memory won't be used.
  super().__init__(loader)
/Users/richardkevin/code/encartes-history/.venv/lib/python3.14/site-packages/torch/utils/data/dataloader.py:759: UserWarning: 'pin_memory' argument is set as true but not supported on MPS now, device pinned memory won't be used.
  super().__init__(loader)
/Users/richardkevin/code/encartes-history/.venv/lib/python3.14/site-packages/torch/utils/data/dataloader.py:759: UserWarning: 'pin_memory' argument is set as true but not supported on MPS now, device pinned memory won't be used.
  super().__init__(loader)
/Users/richardkevin/code/encartes-history/.venv/lib/python3.14/site-packages/torch/utils/data/dataloader.py:759: UserWarning: 'pin_memory' argument is set as true but not supported on MPS now, device pinned memory won't be used.
  super().__init__(loader)
/Users/richardkevin/code/encartes-history/.venv/lib/python3.14/site-packages/torch/utils/data/dataloader.py:759: UserWarning: 'pin_memory' argument is set as true but not supported on MPS now, device pinned memory won't be used.
  super().__init__(loader)
/Users/richardkevin/code/encartes-history/.venv/lib/python3.14/site-packages/torch/utils/data/dataloader.py:759: UserWarning: 'pin_memory' argument is set as true but not supported on MPS now, device pinned memory won't be used.
  super().__init__(loader)
/Users/richardkevin/code/encartes-history/.venv/lib/python3.14/site-packages/torch/utils/data/dataloader.py:759: UserWarning: 'pin_memory' argument is set as true but not supported on MPS now, device pinned memory won't be used.
  super().__init__(loader)
/Users/richardkevin/code/encartes-history/.venv/lib/python3.14/site-packages/torch/utils/data/dataloader.py:759: UserWarning: 'pin_memory' argument is set as true but not supported on MPS now, device pinned memory won't be used.
  super().__init__(loader)
/Users/richardkevin/code/encartes-history/.venv/lib/python3.14/site-packages/torch/utils/data/dataloader.py:759: UserWarning: 'pin_memory' argument is set as true but not supported on MPS now, device pinned memory won't be used.
  super().__init__(loader)
[OCR 120/652]
/Users/richardkevin/code/encartes-history/.venv/lib/python3.14/site-packages/torch/utils/data/dataloader.py:759: UserWarning: 'pin_memory' argument is set as true but not supported on MPS now, device pinned memory won't be used.
  super().__init__(loader)
/Users/richardkevin/code/encartes-history/.venv/lib/python3.14/site-packages/torch/utils/data/dataloader.py:759: UserWarning: 'pin_memory' argument is set as true but not supported on MPS now, device pinned memory won't be used.
  super().__init__(loader)
/Users/richardkevin/code/encartes-history/.venv/lib/python3.14/site-packages/torch/utils/data/dataloader.py:759: UserWarning: 'pin_memory' argument is set as true but not supported on MPS now, device pinned memory won't be used.
  super().__init__(loader)
/Users/richardkevin/code/encartes-history/.venv/lib/python3.14/site-packages/torch/utils/data/dataloader.py:759: UserWarning: 'pin_memory' argument is set as true but not supported on MPS now, device pinned memory won't be used.
  super().__init__(loader)
/Users/richardkevin/code/encartes-history/.venv/lib/python3.14/site-packages/torch/utils/data/dataloader.py:759: UserWarning: 'pin_memory' argument is set as true but not supported on MPS now, device pinned memory won't be used.
  super().__init__(loader)
/Users/richardkevin/code/encartes-history/.venv/lib/python3.14/site-packages/torch/utils/data/dataloader.py:759: UserWarning: 'pin_memory' argument is set as true but not supported on MPS now, device pinned memory won't be used.
  super().__init__(loader)
/Users/richardkevin/code/encartes-history/.venv/lib/python3.14/site-packages/torch/utils/data/dataloader.py:759: UserWarning: 'pin_memory' argument is set as true but not supported on MPS now, device pinned memory won't be used.
  super().__init__(loader)
/Users/richardkevin/code/encartes-history/.venv/lib/python3.14/site-packages/torch/utils/data/dataloader.py:759: UserWarning: 'pin_memory' argument is set as true but not supported on MPS now, device pinned memory won't be used.
  super().__init__(loader)
/Users/richardkevin/code/encartes-history/.venv/lib/python3.14/site-packages/torch/utils/data/dataloader.py:759: UserWarning: 'pin_memory' argument is set as true but not supported on MPS now, device pinned memory won't be used.
  super().__init__(loader)
/Users/richardkevin/code/encartes-history/.venv/lib/python3.14/site-packages/torch/utils/data/dataloader.py:759: UserWarning: 'pin_memory' argument is set as true but not supported on MPS now, device pinned memory won't be used.
  super().__init__(loader)
[OCR 130/652]
/Users/richardkevin/code/encartes-history/.venv/lib/python3.14/site-packages/torch/utils/data/dataloader.py:759: UserWarning: 'pin_memory' argument is set as true but not supported on MPS now, device pinned memory won't be used.
  super().__init__(loader)
/Users/richardkevin/code/encartes-history/.venv/lib/python3.14/site-packages/torch/utils/data/dataloader.py:759: UserWarning: 'pin_memory' argument is set as true but not supported on MPS now, device pinned memory won't be used.
  super().__init__(loader)
/Users/richardkevin/code/encartes-history/.venv/lib/python3.14/site-packages/torch/utils/data/dataloader.py:759: UserWarning: 'pin_memory' argument is set as true but not supported on MPS now, device pinned memory won't be used.
  super().__init__(loader)
/Users/richardkevin/code/encartes-history/.venv/lib/python3.14/site-packages/torch/utils/data/dataloader.py:759: UserWarning: 'pin_memory' argument is set as true but not supported on MPS now, device pinned memory won't be used.
  super().__init__(loader)
/Users/richardkevin/code/encartes-history/.venv/lib/python3.14/site-packages/torch/utils/data/dataloader.py:759: UserWarning: 'pin_memory' argument is set as true but not supported on MPS now, device pinned memory won't be used.
  super().__init__(loader)
/Users/richardkevin/code/encartes-history/.venv/lib/python3.14/site-packages/torch/utils/data/dataloader.py:759: UserWarning: 'pin_memory' argument is set as true but not supported on MPS now, device pinned memory won't be used.
  super().__init__(loader)
/Users/richardkevin/code/encartes-history/.venv/lib/python3.14/site-packages/torch/utils/data/dataloader.py:759: UserWarning: 'pin_memory' argument is set as true but not supported on MPS now, device pinned memory won't be used.
  super().__init__(loader)
/Users/richardkevin/code/encartes-history/.venv/lib/python3.14/site-packages/torch/utils/data/dataloader.py:759: UserWarning: 'pin_memory' argument is set as true but not supported on MPS now, device pinned memory won't be used.
  super().__init__(loader)
/Users/richardkevin/code/encartes-history/.venv/lib/python3.14/site-packages/torch/utils/data/dataloader.py:759: UserWarning: 'pin_memory' argument is set as true but not supported on MPS now, device pinned memory won't be used.
  super().__init__(loader)
/Users/richardkevin/code/encartes-history/.venv/lib/python3.14/site-packages/torch/utils/data/dataloader.py:759: UserWarning: 'pin_memory' argument is set as true but not supported on MPS now, device pinned memory won't be used.
  super().__init__(loader)
[OCR 140/652]
/Users/richardkevin/code/encartes-history/.venv/lib/python3.14/site-packages/torch/utils/data/dataloader.py:759: UserWarning: 'pin_memory' argument is set as true but not supported on MPS now, device pinned memory won't be used.
  super().__init__(loader)
/Users/richardkevin/code/encartes-history/.venv/lib/python3.14/site-packages/torch/utils/data/dataloader.py:759: UserWarning: 'pin_memory' argument is set as true but not supported on MPS now, device pinned memory won't be used.
  super().__init__(loader)
/Users/richardkevin/code/encartes-history/.venv/lib/python3.14/site-packages/torch/utils/data/dataloader.py:759: UserWarning: 'pin_memory' argument is set as true but not supported on MPS now, device pinned memory won't be used.
  super().__init__(loader)
/Users/richardkevin/code/encartes-history/.venv/lib/python3.14/site-packages/torch/utils/data/dataloader.py:759: UserWarning: 'pin_memory' argument is set as true but not supported on MPS now, device pinned memory won't be used.
  super().__init__(loader)
/Users/richardkevin/code/encartes-history/.venv/lib/python3.14/site-packages/torch/utils/data/dataloader.py:759: UserWarning: 'pin_memory' argument is set as true but not supported on MPS now, device pinned memory won't be used.
  super().__init__(loader)
/Users/richardkevin/code/encartes-history/.venv/lib/python3.14/site-packages/torch/utils/data/dataloader.py:759: UserWarning: 'pin_memory' argument is set as true but not supported on MPS now, device pinned memory won't be used.
  super().__init__(loader)
/Users/richardkevin/code/encartes-history/.venv/lib/python3.14/site-packages/torch/utils/data/dataloader.py:759: UserWarning: 'pin_memory' argument is set as true but not supported on MPS now, device pinned memory won't be used.
  super().__init__(loader)
/Users/richardkevin/code/encartes-history/.venv/lib/python3.14/site-packages/torch/utils/data/dataloader.py:759: UserWarning: 'pin_memory' argument is set as true but not supported on MPS now, device pinned memory won't be used.
  super().__init__(loader)
/Users/richardkevin/code/encartes-history/.venv/lib/python3.14/site-packages/torch/utils/data/dataloader.py:759: UserWarning: 'pin_memory' argument is set as true but not supported on MPS now, device pinned memory won't be used.
  super().__init__(loader)
/Users/richardkevin/code/encartes-history/.venv/lib/python3.14/site-packages/torch/utils/data/dataloader.py:759: UserWarning: 'pin_memory' argument is set as true but not supported on MPS now, device pinned memory won't be used.
  super().__init__(loader)
[OCR 150/652]
/Users/richardkevin/code/encartes-history/.venv/lib/python3.14/site-packages/torch/utils/data/dataloader.py:759: UserWarning: 'pin_memory' argument is set as true but not supported on MPS now, device pinned memory won't be used.
  super().__init__(loader)
/Users/richardkevin/code/encartes-history/.venv/lib/python3.14/site-packages/torch/utils/data/dataloader.py:759: UserWarning: 'pin_memory' argument is set as true but not supported on MPS now, device pinned memory won't be used.
  super().__init__(loader)
/Users/richardkevin/code/encartes-history/.venv/lib/python3.14/site-packages/torch/utils/data/dataloader.py:759: UserWarning: 'pin_memory' argument is set as true but not supported on MPS now, device pinned memory won't be used.
  super().__init__(loader)
/Users/richardkevin/code/encartes-history/.venv/lib/python3.14/site-packages/torch/utils/data/dataloader.py:759: UserWarning: 'pin_memory' argument is set as true but not supported on MPS now, device pinned memory won't be used.
  super().__init__(loader)
/Users/richardkevin/code/encartes-history/.venv/lib/python3.14/site-packages/torch/utils/data/dataloader.py:759: UserWarning: 'pin_memory' argument is set as true but not supported on MPS now, device pinned memory won't be used.
  super().__init__(loader)
/Users/richardkevin/code/encartes-history/.venv/lib/python3.14/site-packages/torch/utils/data/dataloader.py:759: UserWarning: 'pin_memory' argument is set as true but not supported on MPS now, device pinned memory won't be used.
  super().__init__(loader)
/Users/richardkevin/code/encartes-history/.venv/lib/python3.14/site-packages/torch/utils/data/dataloader.py:759: UserWarning: 'pin_memory' argument is set as true but not supported on MPS now, device pinned memory won't be used.
  super().__init__(loader)
/Users/richardkevin/code/encartes-history/.venv/lib/python3.14/site-packages/torch/utils/data/dataloader.py:759: UserWarning: 'pin_memory' argument is set as true but not supported on MPS now, device pinned memory won't be used.
  super().__init__(loader)
/Users/richardkevin/code/encartes-history/.venv/lib/python3.14/site-packages/torch/utils/data/dataloader.py:759: UserWarning: 'pin_memory' argument is set as true but not supported on MPS now, device pinned memory won't be used.
  super().__init__(loader)
/Users/richardkevin/code/encartes-history/.venv/lib/python3.14/site-packages/torch/utils/data/dataloader.py:759: UserWarning: 'pin_memory' argument is set as true but not supported on MPS now, device pinned memory won't be used.
  super().__init__(loader)
[OCR 160/652]
/Users/richardkevin/code/encartes-history/.venv/lib/python3.14/site-packages/torch/utils/data/dataloader.py:759: UserWarning: 'pin_memory' argument is set as true but not supported on MPS now, device pinned memory won't be used.
  super().__init__(loader)
/Users/richardkevin/code/encartes-history/.venv/lib/python3.14/site-packages/torch/utils/data/dataloader.py:759: UserWarning: 'pin_memory' argument is set as true but not supported on MPS now, device pinned memory won't be used.
  super().__init__(loader)
/Users/richardkevin/code/encartes-history/.venv/lib/python3.14/site-packages/torch/utils/data/dataloader.py:759: UserWarning: 'pin_memory' argument is set as true but not supported on MPS now, device pinned memory won't be used.
  super().__init__(loader)
/Users/richardkevin/code/encartes-history/.venv/lib/python3.14/site-packages/torch/utils/data/dataloader.py:759: UserWarning: 'pin_memory' argument is set as true but not supported on MPS now, device pinned memory won't be used.
  super().__init__(loader)
/Users/richardkevin/code/encartes-history/.venv/lib/python3.14/site-packages/torch/utils/data/dataloader.py:759: UserWarning: 'pin_memory' argument is set as true but not supported on MPS now, device pinned memory won't be used.
  super().__init__(loader)
/Users/richardkevin/code/encartes-history/.venv/lib/python3.14/site-packages/torch/utils/data/dataloader.py:759: UserWarning: 'pin_memory' argument is set as true but not supported on MPS now, device pinned memory won't be used.
  super().__init__(loader)
/Users/richardkevin/code/encartes-history/.venv/lib/python3.14/site-packages/torch/utils/data/dataloader.py:759: UserWarning: 'pin_memory' argument is set as true but not supported on MPS now, device pinned memory won't be used.
  super().__init__(loader)
/Users/richardkevin/code/encartes-history/.venv/lib/python3.14/site-packages/torch/utils/data/dataloader.py:759: UserWarning: 'pin_memory' argument is set as true but not supported on MPS now, device pinned memory won't be used.
  super().__init__(loader)
/Users/richardkevin/code/encartes-history/.venv/lib/python3.14/site-packages/torch/utils/data/dataloader.py:759: UserWarning: 'pin_memory' argument is set as true but not supported on MPS now, device pinned memory won't be used.
  super().__init__(loader)
/Users/richardkevin/code/encartes-history/.venv/lib/python3.14/site-packages/torch/utils/data/dataloader.py:759: UserWarning: 'pin_memory' argument is set as true but not supported on MPS now, device pinned memory won't be used.
  super().__init__(loader)
[OCR 170/652]
/Users/richardkevin/code/encartes-history/.venv/lib/python3.14/site-packages/torch/utils/data/dataloader.py:759: UserWarning: 'pin_memory' argument is set as true but not supported on MPS now, device pinned memory won't be used.
  super().__init__(loader)
/Users/richardkevin/code/encartes-history/.venv/lib/python3.14/site-packages/torch/utils/data/dataloader.py:759: UserWarning: 'pin_memory' argument is set as true but not supported on MPS now, device pinned memory won't be used.
  super().__init__(loader)
/Users/richardkevin/code/encartes-history/.venv/lib/python3.14/site-packages/torch/utils/data/dataloader.py:759: UserWarning: 'pin_memory' argument is set as true but not supported on MPS now, device pinned memory won't be used.
  super().__init__(loader)
/Users/richardkevin/code/encartes-history/.venv/lib/python3.14/site-packages/torch/utils/data/dataloader.py:759: UserWarning: 'pin_memory' argument is set as true but not supported on MPS now, device pinned memory won't be used.
  super().__init__(loader)
/Users/richardkevin/code/encartes-history/.venv/lib/python3.14/site-packages/torch/utils/data/dataloader.py:759: UserWarning: 'pin_memory' argument is set as true but not supported on MPS now, device pinned memory won't be used.
  super().__init__(loader)
/Users/richardkevin/code/encartes-history/.venv/lib/python3.14/site-packages/torch/utils/data/dataloader.py:759: UserWarning: 'pin_memory' argument is set as true but not supported on MPS now, device pinned memory won't be used.
  super().__init__(loader)
/Users/richardkevin/code/encartes-history/.venv/lib/python3.14/site-packages/torch/utils/data/dataloader.py:759: UserWarning: 'pin_memory' argument is set as true but not supported on MPS now, device pinned memory won't be used.
  super().__init__(loader)
/Users/richardkevin/code/encartes-history/.venv/lib/python3.14/site-packages/torch/utils/data/dataloader.py:759: UserWarning: 'pin_memory' argument is set as true but not supported on MPS now, device pinned memory won't be used.
  super().__init__(loader)
/Users/richardkevin/code/encartes-history/.venv/lib/python3.14/site-packages/torch/utils/data/dataloader.py:759: UserWarning: 'pin_memory' argument is set as true but not supported on MPS now, device pinned memory won't be used.
  super().__init__(loader)
/Users/richardkevin/code/encartes-history/.venv/lib/python3.14/site-packages/torch/utils/data/dataloader.py:759: UserWarning: 'pin_memory' argument is set as true but not supported on MPS now, device pinned memory won't be used.
  super().__init__(loader)
[OCR 180/652]
/Users/richardkevin/code/encartes-history/.venv/lib/python3.14/site-packages/torch/utils/data/dataloader.py:759: UserWarning: 'pin_memory' argument is set as true but not supported on MPS now, device pinned memory won't be used.
  super().__init__(loader)
/Users/richardkevin/code/encartes-history/.venv/lib/python3.14/site-packages/torch/utils/data/dataloader.py:759: UserWarning: 'pin_memory' argument is set as true but not supported on MPS now, device pinned memory won't be used.
  super().__init__(loader)
/Users/richardkevin/code/encartes-history/.venv/lib/python3.14/site-packages/torch/utils/data/dataloader.py:759: UserWarning: 'pin_memory' argument is set as true but not supported on MPS now, device pinned memory won't be used.
  super().__init__(loader)
/Users/richardkevin/code/encartes-history/.venv/lib/python3.14/site-packages/torch/utils/data/dataloader.py:759: UserWarning: 'pin_memory' argument is set as true but not supported on MPS now, device pinned memory won't be used.
  super().__init__(loader)
/Users/richardkevin/code/encartes-history/.venv/lib/python3.14/site-packages/torch/utils/data/dataloader.py:759: UserWarning: 'pin_memory' argument is set as true but not supported on MPS now, device pinned memory won't be used.
  super().__init__(loader)
/Users/richardkevin/code/encartes-history/.venv/lib/python3.14/site-packages/torch/utils/data/dataloader.py:759: UserWarning: 'pin_memory' argument is set as true but not supported on MPS now, device pinned memory won't be used.
  super().__init__(loader)
/Users/richardkevin/code/encartes-history/.venv/lib/python3.14/site-packages/torch/utils/data/dataloader.py:759: UserWarning: 'pin_memory' argument is set as true but not supported on MPS now, device pinned memory won't be used.
  super().__init__(loader)
/Users/richardkevin/code/encartes-history/.venv/lib/python3.14/site-packages/torch/utils/data/dataloader.py:759: UserWarning: 'pin_memory' argument is set as true but not supported on MPS now, device pinned memory won't be used.
  super().__init__(loader)
/Users/richardkevin/code/encartes-history/.venv/lib/python3.14/site-packages/torch/utils/data/dataloader.py:759: UserWarning: 'pin_memory' argument is set as true but not supported on MPS now, device pinned memory won't be used.
  super().__init__(loader)
/Users/richardkevin/code/encartes-history/.venv/lib/python3.14/site-packages/torch/utils/data/dataloader.py:759: UserWarning: 'pin_memory' argument is set as true but not supported on MPS now, device pinned memory won't be used.
  super().__init__(loader)
[OCR 190/652]
/Users/richardkevin/code/encartes-history/.venv/lib/python3.14/site-packages/torch/utils/data/dataloader.py:759: UserWarning: 'pin_memory' argument is set as true but not supported on MPS now, device pinned memory won't be used.
  super().__init__(loader)
/Users/richardkevin/code/encartes-history/.venv/lib/python3.14/site-packages/torch/utils/data/dataloader.py:759: UserWarning: 'pin_memory' argument is set as true but not supported on MPS now, device pinned memory won't be used.
  super().__init__(loader)
/Users/richardkevin/code/encartes-history/.venv/lib/python3.14/site-packages/torch/utils/data/dataloader.py:759: UserWarning: 'pin_memory' argument is set as true but not supported on MPS now, device pinned memory won't be used.
  super().__init__(loader)
/Users/richardkevin/code/encartes-history/.venv/lib/python3.14/site-packages/torch/utils/data/dataloader.py:759: UserWarning: 'pin_memory' argument is set as true but not supported on MPS now, device pinned memory won't be used.
  super().__init__(loader)
/Users/richardkevin/code/encartes-history/.venv/lib/python3.14/site-packages/torch/utils/data/dataloader.py:759: UserWarning: 'pin_memory' argument is set as true but not supported on MPS now, device pinned memory won't be used.
  super().__init__(loader)
/Users/richardkevin/code/encartes-history/.venv/lib/python3.14/site-packages/torch/utils/data/dataloader.py:759: UserWarning: 'pin_memory' argument is set as true but not supported on MPS now, device pinned memory won't be used.
  super().__init__(loader)
/Users/richardkevin/code/encartes-history/.venv/lib/python3.14/site-packages/torch/utils/data/dataloader.py:759: UserWarning: 'pin_memory' argument is set as true but not supported on MPS now, device pinned memory won't be used.
  super().__init__(loader)
/Users/richardkevin/code/encartes-history/.venv/lib/python3.14/site-packages/torch/utils/data/dataloader.py:759: UserWarning: 'pin_memory' argument is set as true but not supported on MPS now, device pinned memory won't be used.
  super().__init__(loader)
/Users/richardkevin/code/encartes-history/.venv/lib/python3.14/site-packages/torch/utils/data/dataloader.py:759: UserWarning: 'pin_memory' argument is set as true but not supported on MPS now, device pinned memory won't be used.
  super().__init__(loader)
/Users/richardkevin/code/encartes-history/.venv/lib/python3.14/site-packages/torch/utils/data/dataloader.py:759: UserWarning: 'pin_memory' argument is set as true but not supported on MPS now, device pinned memory won't be used.
  super().__init__(loader)
[OCR 200/652]
/Users/richardkevin/code/encartes-history/.venv/lib/python3.14/site-packages/torch/utils/data/dataloader.py:759: UserWarning: 'pin_memory' argument is set as true but not supported on MPS now, device pinned memory won't be used.
  super().__init__(loader)
/Users/richardkevin/code/encartes-history/.venv/lib/python3.14/site-packages/torch/utils/data/dataloader.py:759: UserWarning: 'pin_memory' argument is set as true but not supported on MPS now, device pinned memory won't be used.
  super().__init__(loader)
/Users/richardkevin/code/encartes-history/.venv/lib/python3.14/site-packages/torch/utils/data/dataloader.py:759: UserWarning: 'pin_memory' argument is set as true but not supported on MPS now, device pinned memory won't be used.
  super().__init__(loader)
/Users/richardkevin/code/encartes-history/.venv/lib/python3.14/site-packages/torch/utils/data/dataloader.py:759: UserWarning: 'pin_memory' argument is set as true but not supported on MPS now, device pinned memory won't be used.
  super().__init__(loader)
/Users/richardkevin/code/encartes-history/.venv/lib/python3.14/site-packages/torch/utils/data/dataloader.py:759: UserWarning: 'pin_memory' argument is set as true but not supported on MPS now, device pinned memory won't be used.
  super().__init__(loader)
/Users/richardkevin/code/encartes-history/.venv/lib/python3.14/site-packages/torch/utils/data/dataloader.py:759: UserWarning: 'pin_memory' argument is set as true but not supported on MPS now, device pinned memory won't be used.
  super().__init__(loader)
/Users/richardkevin/code/encartes-history/.venv/lib/python3.14/site-packages/torch/utils/data/dataloader.py:759: UserWarning: 'pin_memory' argument is set as true but not supported on MPS now, device pinned memory won't be used.
  super().__init__(loader)
/Users/richardkevin/code/encartes-history/.venv/lib/python3.14/site-packages/torch/utils/data/dataloader.py:759: UserWarning: 'pin_memory' argument is set as true but not supported on MPS now, device pinned memory won't be used.
  super().__init__(loader)
/Users/richardkevin/code/encartes-history/.venv/lib/python3.14/site-packages/torch/utils/data/dataloader.py:759: UserWarning: 'pin_memory' argument is set as true but not supported on MPS now, device pinned memory won't be used.
  super().__init__(loader)
/Users/richardkevin/code/encartes-history/.venv/lib/python3.14/site-packages/torch/utils/data/dataloader.py:759: UserWarning: 'pin_memory' argument is set as true but not supported on MPS now, device pinned memory won't be used.
  super().__init__(loader)
[OCR 210/652]
/Users/richardkevin/code/encartes-history/.venv/lib/python3.14/site-packages/torch/utils/data/dataloader.py:759: UserWarning: 'pin_memory' argument is set as true but not supported on MPS now, device pinned memory won't be used.
  super().__init__(loader)
/Users/richardkevin/code/encartes-history/.venv/lib/python3.14/site-packages/torch/utils/data/dataloader.py:759: UserWarning: 'pin_memory' argument is set as true but not supported on MPS now, device pinned memory won't be used.
  super().__init__(loader)
/Users/richardkevin/code/encartes-history/.venv/lib/python3.14/site-packages/torch/utils/data/dataloader.py:759: UserWarning: 'pin_memory' argument is set as true but not supported on MPS now, device pinned memory won't be used.
  super().__init__(loader)
/Users/richardkevin/code/encartes-history/.venv/lib/python3.14/site-packages/torch/utils/data/dataloader.py:759: UserWarning: 'pin_memory' argument is set as true but not supported on MPS now, device pinned memory won't be used.
  super().__init__(loader)
/Users/richardkevin/code/encartes-history/.venv/lib/python3.14/site-packages/torch/utils/data/dataloader.py:759: UserWarning: 'pin_memory' argument is set as true but not supported on MPS now, device pinned memory won't be used.
  super().__init__(loader)
/Users/richardkevin/code/encartes-history/.venv/lib/python3.14/site-packages/torch/utils/data/dataloader.py:759: UserWarning: 'pin_memory' argument is set as true but not supported on MPS now, device pinned memory won't be used.
  super().__init__(loader)
/Users/richardkevin/code/encartes-history/.venv/lib/python3.14/site-packages/torch/utils/data/dataloader.py:759: UserWarning: 'pin_memory' argument is set as true but not supported on MPS now, device pinned memory won't be used.
  super().__init__(loader)
/Users/richardkevin/code/encartes-history/.venv/lib/python3.14/site-packages/torch/utils/data/dataloader.py:759: UserWarning: 'pin_memory' argument is set as true but not supported on MPS now, device pinned memory won't be used.
  super().__init__(loader)
/Users/richardkevin/code/encartes-history/.venv/lib/python3.14/site-packages/torch/utils/data/dataloader.py:759: UserWarning: 'pin_memory' argument is set as true but not supported on MPS now, device pinned memory won't be used.
  super().__init__(loader)
/Users/richardkevin/code/encartes-history/.venv/lib/python3.14/site-packages/torch/utils/data/dataloader.py:759: UserWarning: 'pin_memory' argument is set as true but not supported on MPS now, device pinned memory won't be used.
  super().__init__(loader)
[OCR 220/652]
/Users/richardkevin/code/encartes-history/.venv/lib/python3.14/site-packages/torch/utils/data/dataloader.py:759: UserWarning: 'pin_memory' argument is set as true but not supported on MPS now, device pinned memory won't be used.
  super().__init__(loader)
/Users/richardkevin/code/encartes-history/.venv/lib/python3.14/site-packages/torch/utils/data/dataloader.py:759: UserWarning: 'pin_memory' argument is set as true but not supported on MPS now, device pinned memory won't be used.
  super().__init__(loader)
/Users/richardkevin/code/encartes-history/.venv/lib/python3.14/site-packages/torch/utils/data/dataloader.py:759: UserWarning: 'pin_memory' argument is set as true but not supported on MPS now, device pinned memory won't be used.
  super().__init__(loader)
/Users/richardkevin/code/encartes-history/.venv/lib/python3.14/site-packages/torch/utils/data/dataloader.py:759: UserWarning: 'pin_memory' argument is set as true but not supported on MPS now, device pinned memory won't be used.
  super().__init__(loader)
/Users/richardkevin/code/encartes-history/.venv/lib/python3.14/site-packages/torch/utils/data/dataloader.py:759: UserWarning: 'pin_memory' argument is set as true but not supported on MPS now, device pinned memory won't be used.
  super().__init__(loader)
/Users/richardkevin/code/encartes-history/.venv/lib/python3.14/site-packages/torch/utils/data/dataloader.py:759: UserWarning: 'pin_memory' argument is set as true but not supported on MPS now, device pinned memory won't be used.
  super().__init__(loader)
/Users/richardkevin/code/encartes-history/.venv/lib/python3.14/site-packages/torch/utils/data/dataloader.py:759: UserWarning: 'pin_memory' argument is set as true but not supported on MPS now, device pinned memory won't be used.
  super().__init__(loader)
/Users/richardkevin/code/encartes-history/.venv/lib/python3.14/site-packages/torch/utils/data/dataloader.py:759: UserWarning: 'pin_memory' argument is set as true but not supported on MPS now, device pinned memory won't be used.
  super().__init__(loader)
/Users/richardkevin/code/encartes-history/.venv/lib/python3.14/site-packages/torch/utils/data/dataloader.py:759: UserWarning: 'pin_memory' argument is set as true but not supported on MPS now, device pinned memory won't be used.
  super().__init__(loader)
/Users/richardkevin/code/encartes-history/.venv/lib/python3.14/site-packages/torch/utils/data/dataloader.py:759: UserWarning: 'pin_memory' argument is set as true but not supported on MPS now, device pinned memory won't be used.
  super().__init__(loader)
[OCR 230/652]
/Users/richardkevin/code/encartes-history/.venv/lib/python3.14/site-packages/torch/utils/data/dataloader.py:759: UserWarning: 'pin_memory' argument is set as true but not supported on MPS now, device pinned memory won't be used.
  super().__init__(loader)
/Users/richardkevin/code/encartes-history/.venv/lib/python3.14/site-packages/torch/utils/data/dataloader.py:759: UserWarning: 'pin_memory' argument is set as true but not supported on MPS now, device pinned memory won't be used.
  super().__init__(loader)
/Users/richardkevin/code/encartes-history/.venv/lib/python3.14/site-packages/torch/utils/data/dataloader.py:759: UserWarning: 'pin_memory' argument is set as true but not supported on MPS now, device pinned memory won't be used.
  super().__init__(loader)
/Users/richardkevin/code/encartes-history/.venv/lib/python3.14/site-packages/torch/utils/data/dataloader.py:759: UserWarning: 'pin_memory' argument is set as true but not supported on MPS now, device pinned memory won't be used.
  super().__init__(loader)
/Users/richardkevin/code/encartes-history/.venv/lib/python3.14/site-packages/torch/utils/data/dataloader.py:759: UserWarning: 'pin_memory' argument is set as true but not supported on MPS now, device pinned memory won't be used.
  super().__init__(loader)
/Users/richardkevin/code/encartes-history/.venv/lib/python3.14/site-packages/torch/utils/data/dataloader.py:759: UserWarning: 'pin_memory' argument is set as true but not supported on MPS now, device pinned memory won't be used.
  super().__init__(loader)
/Users/richardkevin/code/encartes-history/.venv/lib/python3.14/site-packages/torch/utils/data/dataloader.py:759: UserWarning: 'pin_memory' argument is set as true but not supported on MPS now, device pinned memory won't be used.
  super().__init__(loader)
/Users/richardkevin/code/encartes-history/.venv/lib/python3.14/site-packages/torch/utils/data/dataloader.py:759: UserWarning: 'pin_memory' argument is set as true but not supported on MPS now, device pinned memory won't be used.
  super().__init__(loader)
/Users/richardkevin/code/encartes-history/.venv/lib/python3.14/site-packages/torch/utils/data/dataloader.py:759: UserWarning: 'pin_memory' argument is set as true but not supported on MPS now, device pinned memory won't be used.
  super().__init__(loader)
/Users/richardkevin/code/encartes-history/.venv/lib/python3.14/site-packages/torch/utils/data/dataloader.py:759: UserWarning: 'pin_memory' argument is set as true but not supported on MPS now, device pinned memory won't be used.
  super().__init__(loader)
[OCR 240/652]
/Users/richardkevin/code/encartes-history/.venv/lib/python3.14/site-packages/torch/utils/data/dataloader.py:759: UserWarning: 'pin_memory' argument is set as true but not supported on MPS now, device pinned memory won't be used.
  super().__init__(loader)
/Users/richardkevin/code/encartes-history/.venv/lib/python3.14/site-packages/torch/utils/data/dataloader.py:759: UserWarning: 'pin_memory' argument is set as true but not supported on MPS now, device pinned memory won't be used.
  super().__init__(loader)
/Users/richardkevin/code/encartes-history/.venv/lib/python3.14/site-packages/torch/utils/data/dataloader.py:759: UserWarning: 'pin_memory' argument is set as true but not supported on MPS now, device pinned memory won't be used.
  super().__init__(loader)
/Users/richardkevin/code/encartes-history/.venv/lib/python3.14/site-packages/torch/utils/data/dataloader.py:759: UserWarning: 'pin_memory' argument is set as true but not supported on MPS now, device pinned memory won't be used.
  super().__init__(loader)
/Users/richardkevin/code/encartes-history/.venv/lib/python3.14/site-packages/torch/utils/data/dataloader.py:759: UserWarning: 'pin_memory' argument is set as true but not supported on MPS now, device pinned memory won't be used.
  super().__init__(loader)
/Users/richardkevin/code/encartes-history/.venv/lib/python3.14/site-packages/torch/utils/data/dataloader.py:759: UserWarning: 'pin_memory' argument is set as true but not supported on MPS now, device pinned memory won't be used.
  super().__init__(loader)
/Users/richardkevin/code/encartes-history/.venv/lib/python3.14/site-packages/torch/utils/data/dataloader.py:759: UserWarning: 'pin_memory' argument is set as true but not supported on MPS now, device pinned memory won't be used.
  super().__init__(loader)
/Users/richardkevin/code/encartes-history/.venv/lib/python3.14/site-packages/torch/utils/data/dataloader.py:759: UserWarning: 'pin_memory' argument is set as true but not supported on MPS now, device pinned memory won't be used.
  super().__init__(loader)
/Users/richardkevin/code/encartes-history/.venv/lib/python3.14/site-packages/torch/utils/data/dataloader.py:759: UserWarning: 'pin_memory' argument is set as true but not supported on MPS now, device pinned memory won't be used.
  super().__init__(loader)
/Users/richardkevin/code/encartes-history/.venv/lib/python3.14/site-packages/torch/utils/data/dataloader.py:759: UserWarning: 'pin_memory' argument is set as true but not supported on MPS now, device pinned memory won't be used.
  super().__init__(loader)
[OCR 250/652]
/Users/richardkevin/code/encartes-history/.venv/lib/python3.14/site-packages/torch/utils/data/dataloader.py:759: UserWarning: 'pin_memory' argument is set as true but not supported on MPS now, device pinned memory won't be used.
  super().__init__(loader)
/Users/richardkevin/code/encartes-history/.venv/lib/python3.14/site-packages/torch/utils/data/dataloader.py:759: UserWarning: 'pin_memory' argument is set as true but not supported on MPS now, device pinned memory won't be used.
  super().__init__(loader)
/Users/richardkevin/code/encartes-history/.venv/lib/python3.14/site-packages/torch/utils/data/dataloader.py:759: UserWarning: 'pin_memory' argument is set as true but not supported on MPS now, device pinned memory won't be used.
  super().__init__(loader)
/Users/richardkevin/code/encartes-history/.venv/lib/python3.14/site-packages/torch/utils/data/dataloader.py:759: UserWarning: 'pin_memory' argument is set as true but not supported on MPS now, device pinned memory won't be used.
  super().__init__(loader)
/Users/richardkevin/code/encartes-history/.venv/lib/python3.14/site-packages/torch/utils/data/dataloader.py:759: UserWarning: 'pin_memory' argument is set as true but not supported on MPS now, device pinned memory won't be used.
  super().__init__(loader)
/Users/richardkevin/code/encartes-history/.venv/lib/python3.14/site-packages/torch/utils/data/dataloader.py:759: UserWarning: 'pin_memory' argument is set as true but not supported on MPS now, device pinned memory won't be used.
  super().__init__(loader)
/Users/richardkevin/code/encartes-history/.venv/lib/python3.14/site-packages/torch/utils/data/dataloader.py:759: UserWarning: 'pin_memory' argument is set as true but not supported on MPS now, device pinned memory won't be used.
  super().__init__(loader)
/Users/richardkevin/code/encartes-history/.venv/lib/python3.14/site-packages/torch/utils/data/dataloader.py:759: UserWarning: 'pin_memory' argument is set as true but not supported on MPS now, device pinned memory won't be used.
  super().__init__(loader)
/Users/richardkevin/code/encartes-history/.venv/lib/python3.14/site-packages/torch/utils/data/dataloader.py:759: UserWarning: 'pin_memory' argument is set as true but not supported on MPS now, device pinned memory won't be used.
  super().__init__(loader)
/Users/richardkevin/code/encartes-history/.venv/lib/python3.14/site-packages/torch/utils/data/dataloader.py:759: UserWarning: 'pin_memory' argument is set as true but not supported on MPS now, device pinned memory won't be used.
  super().__init__(loader)
[OCR 260/652]
/Users/richardkevin/code/encartes-history/.venv/lib/python3.14/site-packages/torch/utils/data/dataloader.py:759: UserWarning: 'pin_memory' argument is set as true but not supported on MPS now, device pinned memory won't be used.
  super().__init__(loader)
/Users/richardkevin/code/encartes-history/.venv/lib/python3.14/site-packages/torch/utils/data/dataloader.py:759: UserWarning: 'pin_memory' argument is set as true but not supported on MPS now, device pinned memory won't be used.
  super().__init__(loader)
/Users/richardkevin/code/encartes-history/.venv/lib/python3.14/site-packages/torch/utils/data/dataloader.py:759: UserWarning: 'pin_memory' argument is set as true but not supported on MPS now, device pinned memory won't be used.
  super().__init__(loader)
/Users/richardkevin/code/encartes-history/.venv/lib/python3.14/site-packages/torch/utils/data/dataloader.py:759: UserWarning: 'pin_memory' argument is set as true but not supported on MPS now, device pinned memory won't be used.
  super().__init__(loader)
/Users/richardkevin/code/encartes-history/.venv/lib/python3.14/site-packages/torch/utils/data/dataloader.py:759: UserWarning: 'pin_memory' argument is set as true but not supported on MPS now, device pinned memory won't be used.
  super().__init__(loader)
/Users/richardkevin/code/encartes-history/.venv/lib/python3.14/site-packages/torch/utils/data/dataloader.py:759: UserWarning: 'pin_memory' argument is set as true but not supported on MPS now, device pinned memory won't be used.
  super().__init__(loader)
/Users/richardkevin/code/encartes-history/.venv/lib/python3.14/site-packages/torch/utils/data/dataloader.py:759: UserWarning: 'pin_memory' argument is set as true but not supported on MPS now, device pinned memory won't be used.
  super().__init__(loader)
/Users/richardkevin/code/encartes-history/.venv/lib/python3.14/site-packages/torch/utils/data/dataloader.py:759: UserWarning: 'pin_memory' argument is set as true but not supported on MPS now, device pinned memory won't be used.
  super().__init__(loader)
/Users/richardkevin/code/encartes-history/.venv/lib/python3.14/site-packages/torch/utils/data/dataloader.py:759: UserWarning: 'pin_memory' argument is set as true but not supported on MPS now, device pinned memory won't be used.
  super().__init__(loader)
/Users/richardkevin/code/encartes-history/.venv/lib/python3.14/site-packages/torch/utils/data/dataloader.py:759: UserWarning: 'pin_memory' argument is set as true but not supported on MPS now, device pinned memory won't be used.
  super().__init__(loader)
[OCR 270/652]
/Users/richardkevin/code/encartes-history/.venv/lib/python3.14/site-packages/torch/utils/data/dataloader.py:759: UserWarning: 'pin_memory' argument is set as true but not supported on MPS now, device pinned memory won't be used.
  super().__init__(loader)
/Users/richardkevin/code/encartes-history/.venv/lib/python3.14/site-packages/torch/utils/data/dataloader.py:759: UserWarning: 'pin_memory' argument is set as true but not supported on MPS now, device pinned memory won't be used.
  super().__init__(loader)
/Users/richardkevin/code/encartes-history/.venv/lib/python3.14/site-packages/torch/utils/data/dataloader.py:759: UserWarning: 'pin_memory' argument is set as true but not supported on MPS now, device pinned memory won't be used.
  super().__init__(loader)
/Users/richardkevin/code/encartes-history/.venv/lib/python3.14/site-packages/torch/utils/data/dataloader.py:759: UserWarning: 'pin_memory' argument is set as true but not supported on MPS now, device pinned memory won't be used.
  super().__init__(loader)
/Users/richardkevin/code/encartes-history/.venv/lib/python3.14/site-packages/torch/utils/data/dataloader.py:759: UserWarning: 'pin_memory' argument is set as true but not supported on MPS now, device pinned memory won't be used.
  super().__init__(loader)
/Users/richardkevin/code/encartes-history/.venv/lib/python3.14/site-packages/torch/utils/data/dataloader.py:759: UserWarning: 'pin_memory' argument is set as true but not supported on MPS now, device pinned memory won't be used.
  super().__init__(loader)
/Users/richardkevin/code/encartes-history/.venv/lib/python3.14/site-packages/torch/utils/data/dataloader.py:759: UserWarning: 'pin_memory' argument is set as true but not supported on MPS now, device pinned memory won't be used.
  super().__init__(loader)
/Users/richardkevin/code/encartes-history/.venv/lib/python3.14/site-packages/torch/utils/data/dataloader.py:759: UserWarning: 'pin_memory' argument is set as true but not supported on MPS now, device pinned memory won't be used.
  super().__init__(loader)
/Users/richardkevin/code/encartes-history/.venv/lib/python3.14/site-packages/torch/utils/data/dataloader.py:759: UserWarning: 'pin_memory' argument is set as true but not supported on MPS now, device pinned memory won't be used.
  super().__init__(loader)
/Users/richardkevin/code/encartes-history/.venv/lib/python3.14/site-packages/torch/utils/data/dataloader.py:759: UserWarning: 'pin_memory' argument is set as true but not supported on MPS now, device pinned memory won't be used.
  super().__init__(loader)
[OCR 280/652]
/Users/richardkevin/code/encartes-history/.venv/lib/python3.14/site-packages/torch/utils/data/dataloader.py:759: UserWarning: 'pin_memory' argument is set as true but not supported on MPS now, device pinned memory won't be used.
  super().__init__(loader)
/Users/richardkevin/code/encartes-history/.venv/lib/python3.14/site-packages/torch/utils/data/dataloader.py:759: UserWarning: 'pin_memory' argument is set as true but not supported on MPS now, device pinned memory won't be used.
  super().__init__(loader)
/Users/richardkevin/code/encartes-history/.venv/lib/python3.14/site-packages/torch/utils/data/dataloader.py:759: UserWarning: 'pin_memory' argument is set as true but not supported on MPS now, device pinned memory won't be used.
  super().__init__(loader)
/Users/richardkevin/code/encartes-history/.venv/lib/python3.14/site-packages/torch/utils/data/dataloader.py:759: UserWarning: 'pin_memory' argument is set as true but not supported on MPS now, device pinned memory won't be used.
  super().__init__(loader)
/Users/richardkevin/code/encartes-history/.venv/lib/python3.14/site-packages/torch/utils/data/dataloader.py:759: UserWarning: 'pin_memory' argument is set as true but not supported on MPS now, device pinned memory won't be used.
  super().__init__(loader)
/Users/richardkevin/code/encartes-history/.venv/lib/python3.14/site-packages/torch/utils/data/dataloader.py:759: UserWarning: 'pin_memory' argument is set as true but not supported on MPS now, device pinned memory won't be used.
  super().__init__(loader)
/Users/richardkevin/code/encartes-history/.venv/lib/python3.14/site-packages/torch/utils/data/dataloader.py:759: UserWarning: 'pin_memory' argument is set as true but not supported on MPS now, device pinned memory won't be used.
  super().__init__(loader)
/Users/richardkevin/code/encartes-history/.venv/lib/python3.14/site-packages/torch/utils/data/dataloader.py:759: UserWarning: 'pin_memory' argument is set as true but not supported on MPS now, device pinned memory won't be used.
  super().__init__(loader)
/Users/richardkevin/code/encartes-history/.venv/lib/python3.14/site-packages/torch/utils/data/dataloader.py:759: UserWarning: 'pin_memory' argument is set as true but not supported on MPS now, device pinned memory won't be used.
  super().__init__(loader)
/Users/richardkevin/code/encartes-history/.venv/lib/python3.14/site-packages/torch/utils/data/dataloader.py:759: UserWarning: 'pin_memory' argument is set as true but not supported on MPS now, device pinned memory won't be used.
  super().__init__(loader)
[OCR 290/652]
/Users/richardkevin/code/encartes-history/.venv/lib/python3.14/site-packages/torch/utils/data/dataloader.py:759: UserWarning: 'pin_memory' argument is set as true but not supported on MPS now, device pinned memory won't be used.
  super().__init__(loader)
/Users/richardkevin/code/encartes-history/.venv/lib/python3.14/site-packages/torch/utils/data/dataloader.py:759: UserWarning: 'pin_memory' argument is set as true but not supported on MPS now, device pinned memory won't be used.
  super().__init__(loader)
/Users/richardkevin/code/encartes-history/.venv/lib/python3.14/site-packages/torch/utils/data/dataloader.py:759: UserWarning: 'pin_memory' argument is set as true but not supported on MPS now, device pinned memory won't be used.
  super().__init__(loader)
/Users/richardkevin/code/encartes-history/.venv/lib/python3.14/site-packages/torch/utils/data/dataloader.py:759: UserWarning: 'pin_memory' argument is set as true but not supported on MPS now, device pinned memory won't be used.
  super().__init__(loader)
/Users/richardkevin/code/encartes-history/.venv/lib/python3.14/site-packages/torch/utils/data/dataloader.py:759: UserWarning: 'pin_memory' argument is set as true but not supported on MPS now, device pinned memory won't be used.
  super().__init__(loader)
/Users/richardkevin/code/encartes-history/.venv/lib/python3.14/site-packages/torch/utils/data/dataloader.py:759: UserWarning: 'pin_memory' argument is set as true but not supported on MPS now, device pinned memory won't be used.
  super().__init__(loader)
/Users/richardkevin/code/encartes-history/.venv/lib/python3.14/site-packages/torch/utils/data/dataloader.py:759: UserWarning: 'pin_memory' argument is set as true but not supported on MPS now, device pinned memory won't be used.
  super().__init__(loader)
/Users/richardkevin/code/encartes-history/.venv/lib/python3.14/site-packages/torch/utils/data/dataloader.py:759: UserWarning: 'pin_memory' argument is set as true but not supported on MPS now, device pinned memory won't be used.
  super().__init__(loader)
/Users/richardkevin/code/encartes-history/.venv/lib/python3.14/site-packages/torch/utils/data/dataloader.py:759: UserWarning: 'pin_memory' argument is set as true but not supported on MPS now, device pinned memory won't be used.
  super().__init__(loader)
/Users/richardkevin/code/encartes-history/.venv/lib/python3.14/site-packages/torch/utils/data/dataloader.py:759: UserWarning: 'pin_memory' argument is set as true but not supported on MPS now, device pinned memory won't be used.
  super().__init__(loader)
[OCR 300/652]
/Users/richardkevin/code/encartes-history/.venv/lib/python3.14/site-packages/torch/utils/data/dataloader.py:759: UserWarning: 'pin_memory' argument is set as true but not supported on MPS now, device pinned memory won't be used.
  super().__init__(loader)
/Users/richardkevin/code/encartes-history/.venv/lib/python3.14/site-packages/torch/utils/data/dataloader.py:759: UserWarning: 'pin_memory' argument is set as true but not supported on MPS now, device pinned memory won't be used.
  super().__init__(loader)
/Users/richardkevin/code/encartes-history/.venv/lib/python3.14/site-packages/torch/utils/data/dataloader.py:759: UserWarning: 'pin_memory' argument is set as true but not supported on MPS now, device pinned memory won't be used.
  super().__init__(loader)
/Users/richardkevin/code/encartes-history/.venv/lib/python3.14/site-packages/torch/utils/data/dataloader.py:759: UserWarning: 'pin_memory' argument is set as true but not supported on MPS now, device pinned memory won't be used.
  super().__init__(loader)
/Users/richardkevin/code/encartes-history/.venv/lib/python3.14/site-packages/torch/utils/data/dataloader.py:759: UserWarning: 'pin_memory' argument is set as true but not supported on MPS now, device pinned memory won't be used.
  super().__init__(loader)
/Users/richardkevin/code/encartes-history/.venv/lib/python3.14/site-packages/torch/utils/data/dataloader.py:759: UserWarning: 'pin_memory' argument is set as true but not supported on MPS now, device pinned memory won't be used.
  super().__init__(loader)
/Users/richardkevin/code/encartes-history/.venv/lib/python3.14/site-packages/torch/utils/data/dataloader.py:759: UserWarning: 'pin_memory' argument is set as true but not supported on MPS now, device pinned memory won't be used.
  super().__init__(loader)
/Users/richardkevin/code/encartes-history/.venv/lib/python3.14/site-packages/torch/utils/data/dataloader.py:759: UserWarning: 'pin_memory' argument is set as true but not supported on MPS now, device pinned memory won't be used.
  super().__init__(loader)
/Users/richardkevin/code/encartes-history/.venv/lib/python3.14/site-packages/torch/utils/data/dataloader.py:759: UserWarning: 'pin_memory' argument is set as true but not supported on MPS now, device pinned memory won't be used.
  super().__init__(loader)
/Users/richardkevin/code/encartes-history/.venv/lib/python3.14/site-packages/torch/utils/data/dataloader.py:759: UserWarning: 'pin_memory' argument is set as true but not supported on MPS now, device pinned memory won't be used.
  super().__init__(loader)
[OCR 310/652]
/Users/richardkevin/code/encartes-history/.venv/lib/python3.14/site-packages/torch/utils/data/dataloader.py:759: UserWarning: 'pin_memory' argument is set as true but not supported on MPS now, device pinned memory won't be used.
  super().__init__(loader)
/Users/richardkevin/code/encartes-history/.venv/lib/python3.14/site-packages/torch/utils/data/dataloader.py:759: UserWarning: 'pin_memory' argument is set as true but not supported on MPS now, device pinned memory won't be used.
  super().__init__(loader)
/Users/richardkevin/code/encartes-history/.venv/lib/python3.14/site-packages/torch/utils/data/dataloader.py:759: UserWarning: 'pin_memory' argument is set as true but not supported on MPS now, device pinned memory won't be used.
  super().__init__(loader)
/Users/richardkevin/code/encartes-history/.venv/lib/python3.14/site-packages/torch/utils/data/dataloader.py:759: UserWarning: 'pin_memory' argument is set as true but not supported on MPS now, device pinned memory won't be used.
  super().__init__(loader)
/Users/richardkevin/code/encartes-history/.venv/lib/python3.14/site-packages/torch/utils/data/dataloader.py:759: UserWarning: 'pin_memory' argument is set as true but not supported on MPS now, device pinned memory won't be used.
  super().__init__(loader)
/Users/richardkevin/code/encartes-history/.venv/lib/python3.14/site-packages/torch/utils/data/dataloader.py:759: UserWarning: 'pin_memory' argument is set as true but not supported on MPS now, device pinned memory won't be used.
  super().__init__(loader)
/Users/richardkevin/code/encartes-history/.venv/lib/python3.14/site-packages/torch/utils/data/dataloader.py:759: UserWarning: 'pin_memory' argument is set as true but not supported on MPS now, device pinned memory won't be used.
  super().__init__(loader)
/Users/richardkevin/code/encartes-history/.venv/lib/python3.14/site-packages/torch/utils/data/dataloader.py:759: UserWarning: 'pin_memory' argument is set as true but not supported on MPS now, device pinned memory won't be used.
  super().__init__(loader)
/Users/richardkevin/code/encartes-history/.venv/lib/python3.14/site-packages/torch/utils/data/dataloader.py:759: UserWarning: 'pin_memory' argument is set as true but not supported on MPS now, device pinned memory won't be used.
  super().__init__(loader)
/Users/richardkevin/code/encartes-history/.venv/lib/python3.14/site-packages/torch/utils/data/dataloader.py:759: UserWarning: 'pin_memory' argument is set as true but not supported on MPS now, device pinned memory won't be used.
  super().__init__(loader)
[OCR 320/652]
/Users/richardkevin/code/encartes-history/.venv/lib/python3.14/site-packages/torch/utils/data/dataloader.py:759: UserWarning: 'pin_memory' argument is set as true but not supported on MPS now, device pinned memory won't be used.
  super().__init__(loader)
/Users/richardkevin/code/encartes-history/.venv/lib/python3.14/site-packages/torch/utils/data/dataloader.py:759: UserWarning: 'pin_memory' argument is set as true but not supported on MPS now, device pinned memory won't be used.
  super().__init__(loader)
/Users/richardkevin/code/encartes-history/.venv/lib/python3.14/site-packages/torch/utils/data/dataloader.py:759: UserWarning: 'pin_memory' argument is set as true but not supported on MPS now, device pinned memory won't be used.
  super().__init__(loader)
/Users/richardkevin/code/encartes-history/.venv/lib/python3.14/site-packages/torch/utils/data/dataloader.py:759: UserWarning: 'pin_memory' argument is set as true but not supported on MPS now, device pinned memory won't be used.
  super().__init__(loader)
/Users/richardkevin/code/encartes-history/.venv/lib/python3.14/site-packages/torch/utils/data/dataloader.py:759: UserWarning: 'pin_memory' argument is set as true but not supported on MPS now, device pinned memory won't be used.
  super().__init__(loader)
/Users/richardkevin/code/encartes-history/.venv/lib/python3.14/site-packages/torch/utils/data/dataloader.py:759: UserWarning: 'pin_memory' argument is set as true but not supported on MPS now, device pinned memory won't be used.
  super().__init__(loader)
/Users/richardkevin/code/encartes-history/.venv/lib/python3.14/site-packages/torch/utils/data/dataloader.py:759: UserWarning: 'pin_memory' argument is set as true but not supported on MPS now, device pinned memory won't be used.
  super().__init__(loader)
/Users/richardkevin/code/encartes-history/.venv/lib/python3.14/site-packages/torch/utils/data/dataloader.py:759: UserWarning: 'pin_memory' argument is set as true but not supported on MPS now, device pinned memory won't be used.
  super().__init__(loader)
/Users/richardkevin/code/encartes-history/.venv/lib/python3.14/site-packages/torch/utils/data/dataloader.py:759: UserWarning: 'pin_memory' argument is set as true but not supported on MPS now, device pinned memory won't be used.
  super().__init__(loader)
/Users/richardkevin/code/encartes-history/.venv/lib/python3.14/site-packages/torch/utils/data/dataloader.py:759: UserWarning: 'pin_memory' argument is set as true but not supported on MPS now, device pinned memory won't be used.
  super().__init__(loader)
[OCR 330/652]
/Users/richardkevin/code/encartes-history/.venv/lib/python3.14/site-packages/torch/utils/data/dataloader.py:759: UserWarning: 'pin_memory' argument is set as true but not supported on MPS now, device pinned memory won't be used.
  super().__init__(loader)
/Users/richardkevin/code/encartes-history/.venv/lib/python3.14/site-packages/torch/utils/data/dataloader.py:759: UserWarning: 'pin_memory' argument is set as true but not supported on MPS now, device pinned memory won't be used.
  super().__init__(loader)
/Users/richardkevin/code/encartes-history/.venv/lib/python3.14/site-packages/torch/utils/data/dataloader.py:759: UserWarning: 'pin_memory' argument is set as true but not supported on MPS now, device pinned memory won't be used.
  super().__init__(loader)
/Users/richardkevin/code/encartes-history/.venv/lib/python3.14/site-packages/torch/utils/data/dataloader.py:759: UserWarning: 'pin_memory' argument is set as true but not supported on MPS now, device pinned memory won't be used.
  super().__init__(loader)
/Users/richardkevin/code/encartes-history/.venv/lib/python3.14/site-packages/torch/utils/data/dataloader.py:759: UserWarning: 'pin_memory' argument is set as true but not supported on MPS now, device pinned memory won't be used.
  super().__init__(loader)
/Users/richardkevin/code/encartes-history/.venv/lib/python3.14/site-packages/torch/utils/data/dataloader.py:759: UserWarning: 'pin_memory' argument is set as true but not supported on MPS now, device pinned memory won't be used.
  super().__init__(loader)
/Users/richardkevin/code/encartes-history/.venv/lib/python3.14/site-packages/torch/utils/data/dataloader.py:759: UserWarning: 'pin_memory' argument is set as true but not supported on MPS now, device pinned memory won't be used.
  super().__init__(loader)
/Users/richardkevin/code/encartes-history/.venv/lib/python3.14/site-packages/torch/utils/data/dataloader.py:759: UserWarning: 'pin_memory' argument is set as true but not supported on MPS now, device pinned memory won't be used.
  super().__init__(loader)
/Users/richardkevin/code/encartes-history/.venv/lib/python3.14/site-packages/torch/utils/data/dataloader.py:759: UserWarning: 'pin_memory' argument is set as true but not supported on MPS now, device pinned memory won't be used.
  super().__init__(loader)
/Users/richardkevin/code/encartes-history/.venv/lib/python3.14/site-packages/torch/utils/data/dataloader.py:759: UserWarning: 'pin_memory' argument is set as true but not supported on MPS now, device pinned memory won't be used.
  super().__init__(loader)
[OCR 340/652]
/Users/richardkevin/code/encartes-history/.venv/lib/python3.14/site-packages/torch/utils/data/dataloader.py:759: UserWarning: 'pin_memory' argument is set as true but not supported on MPS now, device pinned memory won't be used.
  super().__init__(loader)
/Users/richardkevin/code/encartes-history/.venv/lib/python3.14/site-packages/torch/utils/data/dataloader.py:759: UserWarning: 'pin_memory' argument is set as true but not supported on MPS now, device pinned memory won't be used.
  super().__init__(loader)
/Users/richardkevin/code/encartes-history/.venv/lib/python3.14/site-packages/torch/utils/data/dataloader.py:759: UserWarning: 'pin_memory' argument is set as true but not supported on MPS now, device pinned memory won't be used.
  super().__init__(loader)
/Users/richardkevin/code/encartes-history/.venv/lib/python3.14/site-packages/torch/utils/data/dataloader.py:759: UserWarning: 'pin_memory' argument is set as true but not supported on MPS now, device pinned memory won't be used.
  super().__init__(loader)
/Users/richardkevin/code/encartes-history/.venv/lib/python3.14/site-packages/torch/utils/data/dataloader.py:759: UserWarning: 'pin_memory' argument is set as true but not supported on MPS now, device pinned memory won't be used.
  super().__init__(loader)
/Users/richardkevin/code/encartes-history/.venv/lib/python3.14/site-packages/torch/utils/data/dataloader.py:759: UserWarning: 'pin_memory' argument is set as true but not supported on MPS now, device pinned memory won't be used.
  super().__init__(loader)
/Users/richardkevin/code/encartes-history/.venv/lib/python3.14/site-packages/torch/utils/data/dataloader.py:759: UserWarning: 'pin_memory' argument is set as true but not supported on MPS now, device pinned memory won't be used.
  super().__init__(loader)
/Users/richardkevin/code/encartes-history/.venv/lib/python3.14/site-packages/torch/utils/data/dataloader.py:759: UserWarning: 'pin_memory' argument is set as true but not supported on MPS now, device pinned memory won't be used.
  super().__init__(loader)
/Users/richardkevin/code/encartes-history/.venv/lib/python3.14/site-packages/torch/utils/data/dataloader.py:759: UserWarning: 'pin_memory' argument is set as true but not supported on MPS now, device pinned memory won't be used.
  super().__init__(loader)
/Users/richardkevin/code/encartes-history/.venv/lib/python3.14/site-packages/torch/utils/data/dataloader.py:759: UserWarning: 'pin_memory' argument is set as true but not supported on MPS now, device pinned memory won't be used.
  super().__init__(loader)
[OCR 350/652]
/Users/richardkevin/code/encartes-history/.venv/lib/python3.14/site-packages/torch/utils/data/dataloader.py:759: UserWarning: 'pin_memory' argument is set as true but not supported on MPS now, device pinned memory won't be used.
  super().__init__(loader)
/Users/richardkevin/code/encartes-history/.venv/lib/python3.14/site-packages/torch/utils/data/dataloader.py:759: UserWarning: 'pin_memory' argument is set as true but not supported on MPS now, device pinned memory won't be used.
  super().__init__(loader)
/Users/richardkevin/code/encartes-history/.venv/lib/python3.14/site-packages/torch/utils/data/dataloader.py:759: UserWarning: 'pin_memory' argument is set as true but not supported on MPS now, device pinned memory won't be used.
  super().__init__(loader)
/Users/richardkevin/code/encartes-history/.venv/lib/python3.14/site-packages/torch/utils/data/dataloader.py:759: UserWarning: 'pin_memory' argument is set as true but not supported on MPS now, device pinned memory won't be used.
  super().__init__(loader)
/Users/richardkevin/code/encartes-history/.venv/lib/python3.14/site-packages/torch/utils/data/dataloader.py:759: UserWarning: 'pin_memory' argument is set as true but not supported on MPS now, device pinned memory won't be used.
  super().__init__(loader)
/Users/richardkevin/code/encartes-history/.venv/lib/python3.14/site-packages/torch/utils/data/dataloader.py:759: UserWarning: 'pin_memory' argument is set as true but not supported on MPS now, device pinned memory won't be used.
  super().__init__(loader)
/Users/richardkevin/code/encartes-history/.venv/lib/python3.14/site-packages/torch/utils/data/dataloader.py:759: UserWarning: 'pin_memory' argument is set as true but not supported on MPS now, device pinned memory won't be used.
  super().__init__(loader)
/Users/richardkevin/code/encartes-history/.venv/lib/python3.14/site-packages/torch/utils/data/dataloader.py:759: UserWarning: 'pin_memory' argument is set as true but not supported on MPS now, device pinned memory won't be used.
  super().__init__(loader)
/Users/richardkevin/code/encartes-history/.venv/lib/python3.14/site-packages/torch/utils/data/dataloader.py:759: UserWarning: 'pin_memory' argument is set as true but not supported on MPS now, device pinned memory won't be used.
  super().__init__(loader)
/Users/richardkevin/code/encartes-history/.venv/lib/python3.14/site-packages/torch/utils/data/dataloader.py:759: UserWarning: 'pin_memory' argument is set as true but not supported on MPS now, device pinned memory won't be used.
  super().__init__(loader)
[OCR 360/652]
/Users/richardkevin/code/encartes-history/.venv/lib/python3.14/site-packages/torch/utils/data/dataloader.py:759: UserWarning: 'pin_memory' argument is set as true but not supported on MPS now, device pinned memory won't be used.
  super().__init__(loader)
/Users/richardkevin/code/encartes-history/.venv/lib/python3.14/site-packages/torch/utils/data/dataloader.py:759: UserWarning: 'pin_memory' argument is set as true but not supported on MPS now, device pinned memory won't be used.
  super().__init__(loader)
/Users/richardkevin/code/encartes-history/.venv/lib/python3.14/site-packages/torch/utils/data/dataloader.py:759: UserWarning: 'pin_memory' argument is set as true but not supported on MPS now, device pinned memory won't be used.
  super().__init__(loader)
/Users/richardkevin/code/encartes-history/.venv/lib/python3.14/site-packages/torch/utils/data/dataloader.py:759: UserWarning: 'pin_memory' argument is set as true but not supported on MPS now, device pinned memory won't be used.
  super().__init__(loader)
/Users/richardkevin/code/encartes-history/.venv/lib/python3.14/site-packages/torch/utils/data/dataloader.py:759: UserWarning: 'pin_memory' argument is set as true but not supported on MPS now, device pinned memory won't be used.
  super().__init__(loader)
/Users/richardkevin/code/encartes-history/.venv/lib/python3.14/site-packages/torch/utils/data/dataloader.py:759: UserWarning: 'pin_memory' argument is set as true but not supported on MPS now, device pinned memory won't be used.
  super().__init__(loader)
/Users/richardkevin/code/encartes-history/.venv/lib/python3.14/site-packages/torch/utils/data/dataloader.py:759: UserWarning: 'pin_memory' argument is set as true but not supported on MPS now, device pinned memory won't be used.
  super().__init__(loader)
/Users/richardkevin/code/encartes-history/.venv/lib/python3.14/site-packages/torch/utils/data/dataloader.py:759: UserWarning: 'pin_memory' argument is set as true but not supported on MPS now, device pinned memory won't be used.
  super().__init__(loader)
/Users/richardkevin/code/encartes-history/.venv/lib/python3.14/site-packages/torch/utils/data/dataloader.py:759: UserWarning: 'pin_memory' argument is set as true but not supported on MPS now, device pinned memory won't be used.
  super().__init__(loader)
/Users/richardkevin/code/encartes-history/.venv/lib/python3.14/site-packages/torch/utils/data/dataloader.py:759: UserWarning: 'pin_memory' argument is set as true but not supported on MPS now, device pinned memory won't be used.
  super().__init__(loader)
[OCR 370/652]
/Users/richardkevin/code/encartes-history/.venv/lib/python3.14/site-packages/torch/utils/data/dataloader.py:759: UserWarning: 'pin_memory' argument is set as true but not supported on MPS now, device pinned memory won't be used.
  super().__init__(loader)
/Users/richardkevin/code/encartes-history/.venv/lib/python3.14/site-packages/torch/utils/data/dataloader.py:759: UserWarning: 'pin_memory' argument is set as true but not supported on MPS now, device pinned memory won't be used.
  super().__init__(loader)
/Users/richardkevin/code/encartes-history/.venv/lib/python3.14/site-packages/torch/utils/data/dataloader.py:759: UserWarning: 'pin_memory' argument is set as true but not supported on MPS now, device pinned memory won't be used.
  super().__init__(loader)
/Users/richardkevin/code/encartes-history/.venv/lib/python3.14/site-packages/torch/utils/data/dataloader.py:759: UserWarning: 'pin_memory' argument is set as true but not supported on MPS now, device pinned memory won't be used.
  super().__init__(loader)
/Users/richardkevin/code/encartes-history/.venv/lib/python3.14/site-packages/torch/utils/data/dataloader.py:759: UserWarning: 'pin_memory' argument is set as true but not supported on MPS now, device pinned memory won't be used.
  super().__init__(loader)
/Users/richardkevin/code/encartes-history/.venv/lib/python3.14/site-packages/torch/utils/data/dataloader.py:759: UserWarning: 'pin_memory' argument is set as true but not supported on MPS now, device pinned memory won't be used.
  super().__init__(loader)
/Users/richardkevin/code/encartes-history/.venv/lib/python3.14/site-packages/torch/utils/data/dataloader.py:759: UserWarning: 'pin_memory' argument is set as true but not supported on MPS now, device pinned memory won't be used.
  super().__init__(loader)
/Users/richardkevin/code/encartes-history/.venv/lib/python3.14/site-packages/torch/utils/data/dataloader.py:759: UserWarning: 'pin_memory' argument is set as true but not supported on MPS now, device pinned memory won't be used.
  super().__init__(loader)
/Users/richardkevin/code/encartes-history/.venv/lib/python3.14/site-packages/torch/utils/data/dataloader.py:759: UserWarning: 'pin_memory' argument is set as true but not supported on MPS now, device pinned memory won't be used.
  super().__init__(loader)
/Users/richardkevin/code/encartes-history/.venv/lib/python3.14/site-packages/torch/utils/data/dataloader.py:759: UserWarning: 'pin_memory' argument is set as true but not supported on MPS now, device pinned memory won't be used.
  super().__init__(loader)
[OCR 380/652]
/Users/richardkevin/code/encartes-history/.venv/lib/python3.14/site-packages/torch/utils/data/dataloader.py:759: UserWarning: 'pin_memory' argument is set as true but not supported on MPS now, device pinned memory won't be used.
  super().__init__(loader)
/Users/richardkevin/code/encartes-history/.venv/lib/python3.14/site-packages/torch/utils/data/dataloader.py:759: UserWarning: 'pin_memory' argument is set as true but not supported on MPS now, device pinned memory won't be used.
  super().__init__(loader)
/Users/richardkevin/code/encartes-history/.venv/lib/python3.14/site-packages/torch/utils/data/dataloader.py:759: UserWarning: 'pin_memory' argument is set as true but not supported on MPS now, device pinned memory won't be used.
  super().__init__(loader)
/Users/richardkevin/code/encartes-history/.venv/lib/python3.14/site-packages/torch/utils/data/dataloader.py:759: UserWarning: 'pin_memory' argument is set as true but not supported on MPS now, device pinned memory won't be used.
  super().__init__(loader)
/Users/richardkevin/code/encartes-history/.venv/lib/python3.14/site-packages/torch/utils/data/dataloader.py:759: UserWarning: 'pin_memory' argument is set as true but not supported on MPS now, device pinned memory won't be used.
  super().__init__(loader)
/Users/richardkevin/code/encartes-history/.venv/lib/python3.14/site-packages/torch/utils/data/dataloader.py:759: UserWarning: 'pin_memory' argument is set as true but not supported on MPS now, device pinned memory won't be used.
  super().__init__(loader)
/Users/richardkevin/code/encartes-history/.venv/lib/python3.14/site-packages/torch/utils/data/dataloader.py:759: UserWarning: 'pin_memory' argument is set as true but not supported on MPS now, device pinned memory won't be used.
  super().__init__(loader)
/Users/richardkevin/code/encartes-history/.venv/lib/python3.14/site-packages/torch/utils/data/dataloader.py:759: UserWarning: 'pin_memory' argument is set as true but not supported on MPS now, device pinned memory won't be used.
  super().__init__(loader)
/Users/richardkevin/code/encartes-history/.venv/lib/python3.14/site-packages/torch/utils/data/dataloader.py:759: UserWarning: 'pin_memory' argument is set as true but not supported on MPS now, device pinned memory won't be used.
  super().__init__(loader)
/Users/richardkevin/code/encartes-history/.venv/lib/python3.14/site-packages/torch/utils/data/dataloader.py:759: UserWarning: 'pin_memory' argument is set as true but not supported on MPS now, device pinned memory won't be used.
  super().__init__(loader)
[OCR 390/652]
/Users/richardkevin/code/encartes-history/.venv/lib/python3.14/site-packages/torch/utils/data/dataloader.py:759: UserWarning: 'pin_memory' argument is set as true but not supported on MPS now, device pinned memory won't be used.
  super().__init__(loader)
/Users/richardkevin/code/encartes-history/.venv/lib/python3.14/site-packages/torch/utils/data/dataloader.py:759: UserWarning: 'pin_memory' argument is set as true but not supported on MPS now, device pinned memory won't be used.
  super().__init__(loader)
/Users/richardkevin/code/encartes-history/.venv/lib/python3.14/site-packages/torch/utils/data/dataloader.py:759: UserWarning: 'pin_memory' argument is set as true but not supported on MPS now, device pinned memory won't be used.
  super().__init__(loader)
/Users/richardkevin/code/encartes-history/.venv/lib/python3.14/site-packages/torch/utils/data/dataloader.py:759: UserWarning: 'pin_memory' argument is set as true but not supported on MPS now, device pinned memory won't be used.
  super().__init__(loader)
/Users/richardkevin/code/encartes-history/.venv/lib/python3.14/site-packages/torch/utils/data/dataloader.py:759: UserWarning: 'pin_memory' argument is set as true but not supported on MPS now, device pinned memory won't be used.
  super().__init__(loader)
/Users/richardkevin/code/encartes-history/.venv/lib/python3.14/site-packages/torch/utils/data/dataloader.py:759: UserWarning: 'pin_memory' argument is set as true but not supported on MPS now, device pinned memory won't be used.
  super().__init__(loader)
/Users/richardkevin/code/encartes-history/.venv/lib/python3.14/site-packages/torch/utils/data/dataloader.py:759: UserWarning: 'pin_memory' argument is set as true but not supported on MPS now, device pinned memory won't be used.
  super().__init__(loader)
/Users/richardkevin/code/encartes-history/.venv/lib/python3.14/site-packages/torch/utils/data/dataloader.py:759: UserWarning: 'pin_memory' argument is set as true but not supported on MPS now, device pinned memory won't be used.
  super().__init__(loader)
/Users/richardkevin/code/encartes-history/.venv/lib/python3.14/site-packages/torch/utils/data/dataloader.py:759: UserWarning: 'pin_memory' argument is set as true but not supported on MPS now, device pinned memory won't be used.
  super().__init__(loader)
/Users/richardkevin/code/encartes-history/.venv/lib/python3.14/site-packages/torch/utils/data/dataloader.py:759: UserWarning: 'pin_memory' argument is set as true but not supported on MPS now, device pinned memory won't be used.
  super().__init__(loader)
[OCR 400/652]
/Users/richardkevin/code/encartes-history/.venv/lib/python3.14/site-packages/torch/utils/data/dataloader.py:759: UserWarning: 'pin_memory' argument is set as true but not supported on MPS now, device pinned memory won't be used.
  super().__init__(loader)
/Users/richardkevin/code/encartes-history/.venv/lib/python3.14/site-packages/torch/utils/data/dataloader.py:759: UserWarning: 'pin_memory' argument is set as true but not supported on MPS now, device pinned memory won't be used.
  super().__init__(loader)
/Users/richardkevin/code/encartes-history/.venv/lib/python3.14/site-packages/torch/utils/data/dataloader.py:759: UserWarning: 'pin_memory' argument is set as true but not supported on MPS now, device pinned memory won't be used.
  super().__init__(loader)
/Users/richardkevin/code/encartes-history/.venv/lib/python3.14/site-packages/torch/utils/data/dataloader.py:759: UserWarning: 'pin_memory' argument is set as true but not supported on MPS now, device pinned memory won't be used.
  super().__init__(loader)
/Users/richardkevin/code/encartes-history/.venv/lib/python3.14/site-packages/torch/utils/data/dataloader.py:759: UserWarning: 'pin_memory' argument is set as true but not supported on MPS now, device pinned memory won't be used.
  super().__init__(loader)
/Users/richardkevin/code/encartes-history/.venv/lib/python3.14/site-packages/torch/utils/data/dataloader.py:759: UserWarning: 'pin_memory' argument is set as true but not supported on MPS now, device pinned memory won't be used.
  super().__init__(loader)
/Users/richardkevin/code/encartes-history/.venv/lib/python3.14/site-packages/torch/utils/data/dataloader.py:759: UserWarning: 'pin_memory' argument is set as true but not supported on MPS now, device pinned memory won't be used.
  super().__init__(loader)
/Users/richardkevin/code/encartes-history/.venv/lib/python3.14/site-packages/torch/utils/data/dataloader.py:759: UserWarning: 'pin_memory' argument is set as true but not supported on MPS now, device pinned memory won't be used.
  super().__init__(loader)
/Users/richardkevin/code/encartes-history/.venv/lib/python3.14/site-packages/torch/utils/data/dataloader.py:759: UserWarning: 'pin_memory' argument is set as true but not supported on MPS now, device pinned memory won't be used.
  super().__init__(loader)
/Users/richardkevin/code/encartes-history/.venv/lib/python3.14/site-packages/torch/utils/data/dataloader.py:759: UserWarning: 'pin_memory' argument is set as true but not supported on MPS now, device pinned memory won't be used.
  super().__init__(loader)
[OCR 410/652]
/Users/richardkevin/code/encartes-history/.venv/lib/python3.14/site-packages/torch/utils/data/dataloader.py:759: UserWarning: 'pin_memory' argument is set as true but not supported on MPS now, device pinned memory won't be used.
  super().__init__(loader)
/Users/richardkevin/code/encartes-history/.venv/lib/python3.14/site-packages/torch/utils/data/dataloader.py:759: UserWarning: 'pin_memory' argument is set as true but not supported on MPS now, device pinned memory won't be used.
  super().__init__(loader)
/Users/richardkevin/code/encartes-history/.venv/lib/python3.14/site-packages/torch/utils/data/dataloader.py:759: UserWarning: 'pin_memory' argument is set as true but not supported on MPS now, device pinned memory won't be used.
  super().__init__(loader)
/Users/richardkevin/code/encartes-history/.venv/lib/python3.14/site-packages/torch/utils/data/dataloader.py:759: UserWarning: 'pin_memory' argument is set as true but not supported on MPS now, device pinned memory won't be used.
  super().__init__(loader)
/Users/richardkevin/code/encartes-history/.venv/lib/python3.14/site-packages/torch/utils/data/dataloader.py:759: UserWarning: 'pin_memory' argument is set as true but not supported on MPS now, device pinned memory won't be used.
  super().__init__(loader)
/Users/richardkevin/code/encartes-history/.venv/lib/python3.14/site-packages/torch/utils/data/dataloader.py:759: UserWarning: 'pin_memory' argument is set as true but not supported on MPS now, device pinned memory won't be used.
  super().__init__(loader)
/Users/richardkevin/code/encartes-history/.venv/lib/python3.14/site-packages/torch/utils/data/dataloader.py:759: UserWarning: 'pin_memory' argument is set as true but not supported on MPS now, device pinned memory won't be used.
  super().__init__(loader)
/Users/richardkevin/code/encartes-history/.venv/lib/python3.14/site-packages/torch/utils/data/dataloader.py:759: UserWarning: 'pin_memory' argument is set as true but not supported on MPS now, device pinned memory won't be used.
  super().__init__(loader)
/Users/richardkevin/code/encartes-history/.venv/lib/python3.14/site-packages/torch/utils/data/dataloader.py:759: UserWarning: 'pin_memory' argument is set as true but not supported on MPS now, device pinned memory won't be used.
  super().__init__(loader)
/Users/richardkevin/code/encartes-history/.venv/lib/python3.14/site-packages/torch/utils/data/dataloader.py:759: UserWarning: 'pin_memory' argument is set as true but not supported on MPS now, device pinned memory won't be used.
  super().__init__(loader)
[OCR 420/652]
/Users/richardkevin/code/encartes-history/.venv/lib/python3.14/site-packages/torch/utils/data/dataloader.py:759: UserWarning: 'pin_memory' argument is set as true but not supported on MPS now, device pinned memory won't be used.
  super().__init__(loader)
/Users/richardkevin/code/encartes-history/.venv/lib/python3.14/site-packages/torch/utils/data/dataloader.py:759: UserWarning: 'pin_memory' argument is set as true but not supported on MPS now, device pinned memory won't be used.
  super().__init__(loader)
/Users/richardkevin/code/encartes-history/.venv/lib/python3.14/site-packages/torch/utils/data/dataloader.py:759: UserWarning: 'pin_memory' argument is set as true but not supported on MPS now, device pinned memory won't be used.
  super().__init__(loader)
/Users/richardkevin/code/encartes-history/.venv/lib/python3.14/site-packages/torch/utils/data/dataloader.py:759: UserWarning: 'pin_memory' argument is set as true but not supported on MPS now, device pinned memory won't be used.
  super().__init__(loader)
/Users/richardkevin/code/encartes-history/.venv/lib/python3.14/site-packages/torch/utils/data/dataloader.py:759: UserWarning: 'pin_memory' argument is set as true but not supported on MPS now, device pinned memory won't be used.
  super().__init__(loader)
/Users/richardkevin/code/encartes-history/.venv/lib/python3.14/site-packages/torch/utils/data/dataloader.py:759: UserWarning: 'pin_memory' argument is set as true but not supported on MPS now, device pinned memory won't be used.
  super().__init__(loader)
/Users/richardkevin/code/encartes-history/.venv/lib/python3.14/site-packages/torch/utils/data/dataloader.py:759: UserWarning: 'pin_memory' argument is set as true but not supported on MPS now, device pinned memory won't be used.
  super().__init__(loader)
/Users/richardkevin/code/encartes-history/.venv/lib/python3.14/site-packages/torch/utils/data/dataloader.py:759: UserWarning: 'pin_memory' argument is set as true but not supported on MPS now, device pinned memory won't be used.
  super().__init__(loader)
/Users/richardkevin/code/encartes-history/.venv/lib/python3.14/site-packages/torch/utils/data/dataloader.py:759: UserWarning: 'pin_memory' argument is set as true but not supported on MPS now, device pinned memory won't be used.
  super().__init__(loader)
/Users/richardkevin/code/encartes-history/.venv/lib/python3.14/site-packages/torch/utils/data/dataloader.py:759: UserWarning: 'pin_memory' argument is set as true but not supported on MPS now, device pinned memory won't be used.
  super().__init__(loader)
[OCR 430/652]
/Users/richardkevin/code/encartes-history/.venv/lib/python3.14/site-packages/torch/utils/data/dataloader.py:759: UserWarning: 'pin_memory' argument is set as true but not supported on MPS now, device pinned memory won't be used.
  super().__init__(loader)
/Users/richardkevin/code/encartes-history/.venv/lib/python3.14/site-packages/torch/utils/data/dataloader.py:759: UserWarning: 'pin_memory' argument is set as true but not supported on MPS now, device pinned memory won't be used.
  super().__init__(loader)
/Users/richardkevin/code/encartes-history/.venv/lib/python3.14/site-packages/torch/utils/data/dataloader.py:759: UserWarning: 'pin_memory' argument is set as true but not supported on MPS now, device pinned memory won't be used.
  super().__init__(loader)
/Users/richardkevin/code/encartes-history/.venv/lib/python3.14/site-packages/torch/utils/data/dataloader.py:759: UserWarning: 'pin_memory' argument is set as true but not supported on MPS now, device pinned memory won't be used.
  super().__init__(loader)
/Users/richardkevin/code/encartes-history/.venv/lib/python3.14/site-packages/torch/utils/data/dataloader.py:759: UserWarning: 'pin_memory' argument is set as true but not supported on MPS now, device pinned memory won't be used.
  super().__init__(loader)
/Users/richardkevin/code/encartes-history/.venv/lib/python3.14/site-packages/torch/utils/data/dataloader.py:759: UserWarning: 'pin_memory' argument is set as true but not supported on MPS now, device pinned memory won't be used.
  super().__init__(loader)
/Users/richardkevin/code/encartes-history/.venv/lib/python3.14/site-packages/torch/utils/data/dataloader.py:759: UserWarning: 'pin_memory' argument is set as true but not supported on MPS now, device pinned memory won't be used.
  super().__init__(loader)
/Users/richardkevin/code/encartes-history/.venv/lib/python3.14/site-packages/torch/utils/data/dataloader.py:759: UserWarning: 'pin_memory' argument is set as true but not supported on MPS now, device pinned memory won't be used.
  super().__init__(loader)
/Users/richardkevin/code/encartes-history/.venv/lib/python3.14/site-packages/torch/utils/data/dataloader.py:759: UserWarning: 'pin_memory' argument is set as true but not supported on MPS now, device pinned memory won't be used.
  super().__init__(loader)
/Users/richardkevin/code/encartes-history/.venv/lib/python3.14/site-packages/torch/utils/data/dataloader.py:759: UserWarning: 'pin_memory' argument is set as true but not supported on MPS now, device pinned memory won't be used.
  super().__init__(loader)
[OCR 440/652]
/Users/richardkevin/code/encartes-history/.venv/lib/python3.14/site-packages/torch/utils/data/dataloader.py:759: UserWarning: 'pin_memory' argument is set as true but not supported on MPS now, device pinned memory won't be used.
  super().__init__(loader)
/Users/richardkevin/code/encartes-history/.venv/lib/python3.14/site-packages/torch/utils/data/dataloader.py:759: UserWarning: 'pin_memory' argument is set as true but not supported on MPS now, device pinned memory won't be used.
  super().__init__(loader)
/Users/richardkevin/code/encartes-history/.venv/lib/python3.14/site-packages/torch/utils/data/dataloader.py:759: UserWarning: 'pin_memory' argument is set as true but not supported on MPS now, device pinned memory won't be used.
  super().__init__(loader)
/Users/richardkevin/code/encartes-history/.venv/lib/python3.14/site-packages/torch/utils/data/dataloader.py:759: UserWarning: 'pin_memory' argument is set as true but not supported on MPS now, device pinned memory won't be used.
  super().__init__(loader)
/Users/richardkevin/code/encartes-history/.venv/lib/python3.14/site-packages/torch/utils/data/dataloader.py:759: UserWarning: 'pin_memory' argument is set as true but not supported on MPS now, device pinned memory won't be used.
  super().__init__(loader)
/Users/richardkevin/code/encartes-history/.venv/lib/python3.14/site-packages/torch/utils/data/dataloader.py:759: UserWarning: 'pin_memory' argument is set as true but not supported on MPS now, device pinned memory won't be used.
  super().__init__(loader)
/Users/richardkevin/code/encartes-history/.venv/lib/python3.14/site-packages/torch/utils/data/dataloader.py:759: UserWarning: 'pin_memory' argument is set as true but not supported on MPS now, device pinned memory won't be used.
  super().__init__(loader)
/Users/richardkevin/code/encartes-history/.venv/lib/python3.14/site-packages/torch/utils/data/dataloader.py:759: UserWarning: 'pin_memory' argument is set as true but not supported on MPS now, device pinned memory won't be used.
  super().__init__(loader)
/Users/richardkevin/code/encartes-history/.venv/lib/python3.14/site-packages/torch/utils/data/dataloader.py:759: UserWarning: 'pin_memory' argument is set as true but not supported on MPS now, device pinned memory won't be used.
  super().__init__(loader)
/Users/richardkevin/code/encartes-history/.venv/lib/python3.14/site-packages/torch/utils/data/dataloader.py:759: UserWarning: 'pin_memory' argument is set as true but not supported on MPS now, device pinned memory won't be used.
  super().__init__(loader)
[OCR 450/652]
/Users/richardkevin/code/encartes-history/.venv/lib/python3.14/site-packages/torch/utils/data/dataloader.py:759: UserWarning: 'pin_memory' argument is set as true but not supported on MPS now, device pinned memory won't be used.
  super().__init__(loader)
/Users/richardkevin/code/encartes-history/.venv/lib/python3.14/site-packages/torch/utils/data/dataloader.py:759: UserWarning: 'pin_memory' argument is set as true but not supported on MPS now, device pinned memory won't be used.
  super().__init__(loader)
/Users/richardkevin/code/encartes-history/.venv/lib/python3.14/site-packages/torch/utils/data/dataloader.py:759: UserWarning: 'pin_memory' argument is set as true but not supported on MPS now, device pinned memory won't be used.
  super().__init__(loader)
/Users/richardkevin/code/encartes-history/.venv/lib/python3.14/site-packages/torch/utils/data/dataloader.py:759: UserWarning: 'pin_memory' argument is set as true but not supported on MPS now, device pinned memory won't be used.
  super().__init__(loader)
/Users/richardkevin/code/encartes-history/.venv/lib/python3.14/site-packages/torch/utils/data/dataloader.py:759: UserWarning: 'pin_memory' argument is set as true but not supported on MPS now, device pinned memory won't be used.
  super().__init__(loader)
/Users/richardkevin/code/encartes-history/.venv/lib/python3.14/site-packages/torch/utils/data/dataloader.py:759: UserWarning: 'pin_memory' argument is set as true but not supported on MPS now, device pinned memory won't be used.
  super().__init__(loader)
/Users/richardkevin/code/encartes-history/.venv/lib/python3.14/site-packages/torch/utils/data/dataloader.py:759: UserWarning: 'pin_memory' argument is set as true but not supported on MPS now, device pinned memory won't be used.
  super().__init__(loader)
/Users/richardkevin/code/encartes-history/.venv/lib/python3.14/site-packages/torch/utils/data/dataloader.py:759: UserWarning: 'pin_memory' argument is set as true but not supported on MPS now, device pinned memory won't be used.
  super().__init__(loader)
/Users/richardkevin/code/encartes-history/.venv/lib/python3.14/site-packages/torch/utils/data/dataloader.py:759: UserWarning: 'pin_memory' argument is set as true but not supported on MPS now, device pinned memory won't be used.
  super().__init__(loader)
/Users/richardkevin/code/encartes-history/.venv/lib/python3.14/site-packages/torch/utils/data/dataloader.py:759: UserWarning: 'pin_memory' argument is set as true but not supported on MPS now, device pinned memory won't be used.
  super().__init__(loader)
[OCR 460/652]
/Users/richardkevin/code/encartes-history/.venv/lib/python3.14/site-packages/torch/utils/data/dataloader.py:759: UserWarning: 'pin_memory' argument is set as true but not supported on MPS now, device pinned memory won't be used.
  super().__init__(loader)
/Users/richardkevin/code/encartes-history/.venv/lib/python3.14/site-packages/torch/utils/data/dataloader.py:759: UserWarning: 'pin_memory' argument is set as true but not supported on MPS now, device pinned memory won't be used.
  super().__init__(loader)
/Users/richardkevin/code/encartes-history/.venv/lib/python3.14/site-packages/torch/utils/data/dataloader.py:759: UserWarning: 'pin_memory' argument is set as true but not supported on MPS now, device pinned memory won't be used.
  super().__init__(loader)
/Users/richardkevin/code/encartes-history/.venv/lib/python3.14/site-packages/torch/utils/data/dataloader.py:759: UserWarning: 'pin_memory' argument is set as true but not supported on MPS now, device pinned memory won't be used.
  super().__init__(loader)
/Users/richardkevin/code/encartes-history/.venv/lib/python3.14/site-packages/torch/utils/data/dataloader.py:759: UserWarning: 'pin_memory' argument is set as true but not supported on MPS now, device pinned memory won't be used.
  super().__init__(loader)
/Users/richardkevin/code/encartes-history/.venv/lib/python3.14/site-packages/torch/utils/data/dataloader.py:759: UserWarning: 'pin_memory' argument is set as true but not supported on MPS now, device pinned memory won't be used.
  super().__init__(loader)
/Users/richardkevin/code/encartes-history/.venv/lib/python3.14/site-packages/torch/utils/data/dataloader.py:759: UserWarning: 'pin_memory' argument is set as true but not supported on MPS now, device pinned memory won't be used.
  super().__init__(loader)
/Users/richardkevin/code/encartes-history/.venv/lib/python3.14/site-packages/torch/utils/data/dataloader.py:759: UserWarning: 'pin_memory' argument is set as true but not supported on MPS now, device pinned memory won't be used.
  super().__init__(loader)
/Users/richardkevin/code/encartes-history/.venv/lib/python3.14/site-packages/torch/utils/data/dataloader.py:759: UserWarning: 'pin_memory' argument is set as true but not supported on MPS now, device pinned memory won't be used.
  super().__init__(loader)
/Users/richardkevin/code/encartes-history/.venv/lib/python3.14/site-packages/torch/utils/data/dataloader.py:759: UserWarning: 'pin_memory' argument is set as true but not supported on MPS now, device pinned memory won't be used.
  super().__init__(loader)
[OCR 470/652]
/Users/richardkevin/code/encartes-history/.venv/lib/python3.14/site-packages/torch/utils/data/dataloader.py:759: UserWarning: 'pin_memory' argument is set as true but not supported on MPS now, device pinned memory won't be used.
  super().__init__(loader)
/Users/richardkevin/code/encartes-history/.venv/lib/python3.14/site-packages/torch/utils/data/dataloader.py:759: UserWarning: 'pin_memory' argument is set as true but not supported on MPS now, device pinned memory won't be used.
  super().__init__(loader)
/Users/richardkevin/code/encartes-history/.venv/lib/python3.14/site-packages/torch/utils/data/dataloader.py:759: UserWarning: 'pin_memory' argument is set as true but not supported on MPS now, device pinned memory won't be used.
  super().__init__(loader)
/Users/richardkevin/code/encartes-history/.venv/lib/python3.14/site-packages/torch/utils/data/dataloader.py:759: UserWarning: 'pin_memory' argument is set as true but not supported on MPS now, device pinned memory won't be used.
  super().__init__(loader)
/Users/richardkevin/code/encartes-history/.venv/lib/python3.14/site-packages/torch/utils/data/dataloader.py:759: UserWarning: 'pin_memory' argument is set as true but not supported on MPS now, device pinned memory won't be used.
  super().__init__(loader)
/Users/richardkevin/code/encartes-history/.venv/lib/python3.14/site-packages/torch/utils/data/dataloader.py:759: UserWarning: 'pin_memory' argument is set as true but not supported on MPS now, device pinned memory won't be used.
  super().__init__(loader)
/Users/richardkevin/code/encartes-history/.venv/lib/python3.14/site-packages/torch/utils/data/dataloader.py:759: UserWarning: 'pin_memory' argument is set as true but not supported on MPS now, device pinned memory won't be used.
  super().__init__(loader)
/Users/richardkevin/code/encartes-history/.venv/lib/python3.14/site-packages/torch/utils/data/dataloader.py:759: UserWarning: 'pin_memory' argument is set as true but not supported on MPS now, device pinned memory won't be used.
  super().__init__(loader)
/Users/richardkevin/code/encartes-history/.venv/lib/python3.14/site-packages/torch/utils/data/dataloader.py:759: UserWarning: 'pin_memory' argument is set as true but not supported on MPS now, device pinned memory won't be used.
  super().__init__(loader)
/Users/richardkevin/code/encartes-history/.venv/lib/python3.14/site-packages/torch/utils/data/dataloader.py:759: UserWarning: 'pin_memory' argument is set as true but not supported on MPS now, device pinned memory won't be used.
  super().__init__(loader)
[OCR 480/652]
/Users/richardkevin/code/encartes-history/.venv/lib/python3.14/site-packages/torch/utils/data/dataloader.py:759: UserWarning: 'pin_memory' argument is set as true but not supported on MPS now, device pinned memory won't be used.
  super().__init__(loader)
/Users/richardkevin/code/encartes-history/.venv/lib/python3.14/site-packages/torch/utils/data/dataloader.py:759: UserWarning: 'pin_memory' argument is set as true but not supported on MPS now, device pinned memory won't be used.
  super().__init__(loader)
/Users/richardkevin/code/encartes-history/.venv/lib/python3.14/site-packages/torch/utils/data/dataloader.py:759: UserWarning: 'pin_memory' argument is set as true but not supported on MPS now, device pinned memory won't be used.
  super().__init__(loader)
/Users/richardkevin/code/encartes-history/.venv/lib/python3.14/site-packages/torch/utils/data/dataloader.py:759: UserWarning: 'pin_memory' argument is set as true but not supported on MPS now, device pinned memory won't be used.
  super().__init__(loader)
/Users/richardkevin/code/encartes-history/.venv/lib/python3.14/site-packages/torch/utils/data/dataloader.py:759: UserWarning: 'pin_memory' argument is set as true but not supported on MPS now, device pinned memory won't be used.
  super().__init__(loader)
/Users/richardkevin/code/encartes-history/.venv/lib/python3.14/site-packages/torch/utils/data/dataloader.py:759: UserWarning: 'pin_memory' argument is set as true but not supported on MPS now, device pinned memory won't be used.
  super().__init__(loader)
/Users/richardkevin/code/encartes-history/.venv/lib/python3.14/site-packages/torch/utils/data/dataloader.py:759: UserWarning: 'pin_memory' argument is set as true but not supported on MPS now, device pinned memory won't be used.
  super().__init__(loader)
/Users/richardkevin/code/encartes-history/.venv/lib/python3.14/site-packages/torch/utils/data/dataloader.py:759: UserWarning: 'pin_memory' argument is set as true but not supported on MPS now, device pinned memory won't be used.
  super().__init__(loader)
/Users/richardkevin/code/encartes-history/.venv/lib/python3.14/site-packages/torch/utils/data/dataloader.py:759: UserWarning: 'pin_memory' argument is set as true but not supported on MPS now, device pinned memory won't be used.
  super().__init__(loader)
/Users/richardkevin/code/encartes-history/.venv/lib/python3.14/site-packages/torch/utils/data/dataloader.py:759: UserWarning: 'pin_memory' argument is set as true but not supported on MPS now, device pinned memory won't be used.
  super().__init__(loader)
[OCR 490/652]
/Users/richardkevin/code/encartes-history/.venv/lib/python3.14/site-packages/torch/utils/data/dataloader.py:759: UserWarning: 'pin_memory' argument is set as true but not supported on MPS now, device pinned memory won't be used.
  super().__init__(loader)
/Users/richardkevin/code/encartes-history/.venv/lib/python3.14/site-packages/torch/utils/data/dataloader.py:759: UserWarning: 'pin_memory' argument is set as true but not supported on MPS now, device pinned memory won't be used.
  super().__init__(loader)
/Users/richardkevin/code/encartes-history/.venv/lib/python3.14/site-packages/torch/utils/data/dataloader.py:759: UserWarning: 'pin_memory' argument is set as true but not supported on MPS now, device pinned memory won't be used.
  super().__init__(loader)
/Users/richardkevin/code/encartes-history/.venv/lib/python3.14/site-packages/torch/utils/data/dataloader.py:759: UserWarning: 'pin_memory' argument is set as true but not supported on MPS now, device pinned memory won't be used.
  super().__init__(loader)
/Users/richardkevin/code/encartes-history/.venv/lib/python3.14/site-packages/torch/utils/data/dataloader.py:759: UserWarning: 'pin_memory' argument is set as true but not supported on MPS now, device pinned memory won't be used.
  super().__init__(loader)
/Users/richardkevin/code/encartes-history/.venv/lib/python3.14/site-packages/torch/utils/data/dataloader.py:759: UserWarning: 'pin_memory' argument is set as true but not supported on MPS now, device pinned memory won't be used.
  super().__init__(loader)
/Users/richardkevin/code/encartes-history/.venv/lib/python3.14/site-packages/torch/utils/data/dataloader.py:759: UserWarning: 'pin_memory' argument is set as true but not supported on MPS now, device pinned memory won't be used.
  super().__init__(loader)
/Users/richardkevin/code/encartes-history/.venv/lib/python3.14/site-packages/torch/utils/data/dataloader.py:759: UserWarning: 'pin_memory' argument is set as true but not supported on MPS now, device pinned memory won't be used.
  super().__init__(loader)
/Users/richardkevin/code/encartes-history/.venv/lib/python3.14/site-packages/torch/utils/data/dataloader.py:759: UserWarning: 'pin_memory' argument is set as true but not supported on MPS now, device pinned memory won't be used.
  super().__init__(loader)
/Users/richardkevin/code/encartes-history/.venv/lib/python3.14/site-packages/torch/utils/data/dataloader.py:759: UserWarning: 'pin_memory' argument is set as true but not supported on MPS now, device pinned memory won't be used.
  super().__init__(loader)
[OCR 500/652]
/Users/richardkevin/code/encartes-history/.venv/lib/python3.14/site-packages/torch/utils/data/dataloader.py:759: UserWarning: 'pin_memory' argument is set as true but not supported on MPS now, device pinned memory won't be used.
  super().__init__(loader)
/Users/richardkevin/code/encartes-history/.venv/lib/python3.14/site-packages/torch/utils/data/dataloader.py:759: UserWarning: 'pin_memory' argument is set as true but not supported on MPS now, device pinned memory won't be used.
  super().__init__(loader)
/Users/richardkevin/code/encartes-history/.venv/lib/python3.14/site-packages/torch/utils/data/dataloader.py:759: UserWarning: 'pin_memory' argument is set as true but not supported on MPS now, device pinned memory won't be used.
  super().__init__(loader)
/Users/richardkevin/code/encartes-history/.venv/lib/python3.14/site-packages/torch/utils/data/dataloader.py:759: UserWarning: 'pin_memory' argument is set as true but not supported on MPS now, device pinned memory won't be used.
  super().__init__(loader)
/Users/richardkevin/code/encartes-history/.venv/lib/python3.14/site-packages/torch/utils/data/dataloader.py:759: UserWarning: 'pin_memory' argument is set as true but not supported on MPS now, device pinned memory won't be used.
  super().__init__(loader)
/Users/richardkevin/code/encartes-history/.venv/lib/python3.14/site-packages/torch/utils/data/dataloader.py:759: UserWarning: 'pin_memory' argument is set as true but not supported on MPS now, device pinned memory won't be used.
  super().__init__(loader)
/Users/richardkevin/code/encartes-history/.venv/lib/python3.14/site-packages/torch/utils/data/dataloader.py:759: UserWarning: 'pin_memory' argument is set as true but not supported on MPS now, device pinned memory won't be used.
  super().__init__(loader)
/Users/richardkevin/code/encartes-history/.venv/lib/python3.14/site-packages/torch/utils/data/dataloader.py:759: UserWarning: 'pin_memory' argument is set as true but not supported on MPS now, device pinned memory won't be used.
  super().__init__(loader)
/Users/richardkevin/code/encartes-history/.venv/lib/python3.14/site-packages/torch/utils/data/dataloader.py:759: UserWarning: 'pin_memory' argument is set as true but not supported on MPS now, device pinned memory won't be used.
  super().__init__(loader)
/Users/richardkevin/code/encartes-history/.venv/lib/python3.14/site-packages/torch/utils/data/dataloader.py:759: UserWarning: 'pin_memory' argument is set as true but not supported on MPS now, device pinned memory won't be used.
  super().__init__(loader)
[OCR 510/652]
/Users/richardkevin/code/encartes-history/.venv/lib/python3.14/site-packages/torch/utils/data/dataloader.py:759: UserWarning: 'pin_memory' argument is set as true but not supported on MPS now, device pinned memory won't be used.
  super().__init__(loader)
/Users/richardkevin/code/encartes-history/.venv/lib/python3.14/site-packages/torch/utils/data/dataloader.py:759: UserWarning: 'pin_memory' argument is set as true but not supported on MPS now, device pinned memory won't be used.
  super().__init__(loader)
/Users/richardkevin/code/encartes-history/.venv/lib/python3.14/site-packages/torch/utils/data/dataloader.py:759: UserWarning: 'pin_memory' argument is set as true but not supported on MPS now, device pinned memory won't be used.
  super().__init__(loader)
/Users/richardkevin/code/encartes-history/.venv/lib/python3.14/site-packages/torch/utils/data/dataloader.py:759: UserWarning: 'pin_memory' argument is set as true but not supported on MPS now, device pinned memory won't be used.
  super().__init__(loader)
/Users/richardkevin/code/encartes-history/.venv/lib/python3.14/site-packages/torch/utils/data/dataloader.py:759: UserWarning: 'pin_memory' argument is set as true but not supported on MPS now, device pinned memory won't be used.
  super().__init__(loader)
/Users/richardkevin/code/encartes-history/.venv/lib/python3.14/site-packages/torch/utils/data/dataloader.py:759: UserWarning: 'pin_memory' argument is set as true but not supported on MPS now, device pinned memory won't be used.
  super().__init__(loader)
/Users/richardkevin/code/encartes-history/.venv/lib/python3.14/site-packages/torch/utils/data/dataloader.py:759: UserWarning: 'pin_memory' argument is set as true but not supported on MPS now, device pinned memory won't be used.
  super().__init__(loader)
/Users/richardkevin/code/encartes-history/.venv/lib/python3.14/site-packages/torch/utils/data/dataloader.py:759: UserWarning: 'pin_memory' argument is set as true but not supported on MPS now, device pinned memory won't be used.
  super().__init__(loader)
/Users/richardkevin/code/encartes-history/.venv/lib/python3.14/site-packages/torch/utils/data/dataloader.py:759: UserWarning: 'pin_memory' argument is set as true but not supported on MPS now, device pinned memory won't be used.
  super().__init__(loader)
/Users/richardkevin/code/encartes-history/.venv/lib/python3.14/site-packages/torch/utils/data/dataloader.py:759: UserWarning: 'pin_memory' argument is set as true but not supported on MPS now, device pinned memory won't be used.
  super().__init__(loader)
[OCR 520/652]
/Users/richardkevin/code/encartes-history/.venv/lib/python3.14/site-packages/torch/utils/data/dataloader.py:759: UserWarning: 'pin_memory' argument is set as true but not supported on MPS now, device pinned memory won't be used.
  super().__init__(loader)
/Users/richardkevin/code/encartes-history/.venv/lib/python3.14/site-packages/torch/utils/data/dataloader.py:759: UserWarning: 'pin_memory' argument is set as true but not supported on MPS now, device pinned memory won't be used.
  super().__init__(loader)
/Users/richardkevin/code/encartes-history/.venv/lib/python3.14/site-packages/torch/utils/data/dataloader.py:759: UserWarning: 'pin_memory' argument is set as true but not supported on MPS now, device pinned memory won't be used.
  super().__init__(loader)
/Users/richardkevin/code/encartes-history/.venv/lib/python3.14/site-packages/torch/utils/data/dataloader.py:759: UserWarning: 'pin_memory' argument is set as true but not supported on MPS now, device pinned memory won't be used.
  super().__init__(loader)
/Users/richardkevin/code/encartes-history/.venv/lib/python3.14/site-packages/torch/utils/data/dataloader.py:759: UserWarning: 'pin_memory' argument is set as true but not supported on MPS now, device pinned memory won't be used.
  super().__init__(loader)
/Users/richardkevin/code/encartes-history/.venv/lib/python3.14/site-packages/torch/utils/data/dataloader.py:759: UserWarning: 'pin_memory' argument is set as true but not supported on MPS now, device pinned memory won't be used.
  super().__init__(loader)
/Users/richardkevin/code/encartes-history/.venv/lib/python3.14/site-packages/torch/utils/data/dataloader.py:759: UserWarning: 'pin_memory' argument is set as true but not supported on MPS now, device pinned memory won't be used.
  super().__init__(loader)
/Users/richardkevin/code/encartes-history/.venv/lib/python3.14/site-packages/torch/utils/data/dataloader.py:759: UserWarning: 'pin_memory' argument is set as true but not supported on MPS now, device pinned memory won't be used.
  super().__init__(loader)
/Users/richardkevin/code/encartes-history/.venv/lib/python3.14/site-packages/torch/utils/data/dataloader.py:759: UserWarning: 'pin_memory' argument is set as true but not supported on MPS now, device pinned memory won't be used.
  super().__init__(loader)
/Users/richardkevin/code/encartes-history/.venv/lib/python3.14/site-packages/torch/utils/data/dataloader.py:759: UserWarning: 'pin_memory' argument is set as true but not supported on MPS now, device pinned memory won't be used.
  super().__init__(loader)
[OCR 530/652]
/Users/richardkevin/code/encartes-history/.venv/lib/python3.14/site-packages/torch/utils/data/dataloader.py:759: UserWarning: 'pin_memory' argument is set as true but not supported on MPS now, device pinned memory won't be used.
  super().__init__(loader)
/Users/richardkevin/code/encartes-history/.venv/lib/python3.14/site-packages/torch/utils/data/dataloader.py:759: UserWarning: 'pin_memory' argument is set as true but not supported on MPS now, device pinned memory won't be used.
  super().__init__(loader)
/Users/richardkevin/code/encartes-history/.venv/lib/python3.14/site-packages/torch/utils/data/dataloader.py:759: UserWarning: 'pin_memory' argument is set as true but not supported on MPS now, device pinned memory won't be used.
  super().__init__(loader)
/Users/richardkevin/code/encartes-history/.venv/lib/python3.14/site-packages/torch/utils/data/dataloader.py:759: UserWarning: 'pin_memory' argument is set as true but not supported on MPS now, device pinned memory won't be used.
  super().__init__(loader)
/Users/richardkevin/code/encartes-history/.venv/lib/python3.14/site-packages/torch/utils/data/dataloader.py:759: UserWarning: 'pin_memory' argument is set as true but not supported on MPS now, device pinned memory won't be used.
  super().__init__(loader)
/Users/richardkevin/code/encartes-history/.venv/lib/python3.14/site-packages/torch/utils/data/dataloader.py:759: UserWarning: 'pin_memory' argument is set as true but not supported on MPS now, device pinned memory won't be used.
  super().__init__(loader)
/Users/richardkevin/code/encartes-history/.venv/lib/python3.14/site-packages/torch/utils/data/dataloader.py:759: UserWarning: 'pin_memory' argument is set as true but not supported on MPS now, device pinned memory won't be used.
  super().__init__(loader)
/Users/richardkevin/code/encartes-history/.venv/lib/python3.14/site-packages/torch/utils/data/dataloader.py:759: UserWarning: 'pin_memory' argument is set as true but not supported on MPS now, device pinned memory won't be used.
  super().__init__(loader)
/Users/richardkevin/code/encartes-history/.venv/lib/python3.14/site-packages/torch/utils/data/dataloader.py:759: UserWarning: 'pin_memory' argument is set as true but not supported on MPS now, device pinned memory won't be used.
  super().__init__(loader)
/Users/richardkevin/code/encartes-history/.venv/lib/python3.14/site-packages/torch/utils/data/dataloader.py:759: UserWarning: 'pin_memory' argument is set as true but not supported on MPS now, device pinned memory won't be used.
  super().__init__(loader)
[OCR 540/652]
/Users/richardkevin/code/encartes-history/.venv/lib/python3.14/site-packages/torch/utils/data/dataloader.py:759: UserWarning: 'pin_memory' argument is set as true but not supported on MPS now, device pinned memory won't be used.
  super().__init__(loader)
/Users/richardkevin/code/encartes-history/.venv/lib/python3.14/site-packages/torch/utils/data/dataloader.py:759: UserWarning: 'pin_memory' argument is set as true but not supported on MPS now, device pinned memory won't be used.
  super().__init__(loader)
/Users/richardkevin/code/encartes-history/.venv/lib/python3.14/site-packages/torch/utils/data/dataloader.py:759: UserWarning: 'pin_memory' argument is set as true but not supported on MPS now, device pinned memory won't be used.
  super().__init__(loader)
/Users/richardkevin/code/encartes-history/.venv/lib/python3.14/site-packages/torch/utils/data/dataloader.py:759: UserWarning: 'pin_memory' argument is set as true but not supported on MPS now, device pinned memory won't be used.
  super().__init__(loader)
/Users/richardkevin/code/encartes-history/.venv/lib/python3.14/site-packages/torch/utils/data/dataloader.py:759: UserWarning: 'pin_memory' argument is set as true but not supported on MPS now, device pinned memory won't be used.
  super().__init__(loader)
/Users/richardkevin/code/encartes-history/.venv/lib/python3.14/site-packages/torch/utils/data/dataloader.py:759: UserWarning: 'pin_memory' argument is set as true but not supported on MPS now, device pinned memory won't be used.
  super().__init__(loader)
/Users/richardkevin/code/encartes-history/.venv/lib/python3.14/site-packages/torch/utils/data/dataloader.py:759: UserWarning: 'pin_memory' argument is set as true but not supported on MPS now, device pinned memory won't be used.
  super().__init__(loader)
/Users/richardkevin/code/encartes-history/.venv/lib/python3.14/site-packages/torch/utils/data/dataloader.py:759: UserWarning: 'pin_memory' argument is set as true but not supported on MPS now, device pinned memory won't be used.
  super().__init__(loader)
/Users/richardkevin/code/encartes-history/.venv/lib/python3.14/site-packages/torch/utils/data/dataloader.py:759: UserWarning: 'pin_memory' argument is set as true but not supported on MPS now, device pinned memory won't be used.
  super().__init__(loader)
/Users/richardkevin/code/encartes-history/.venv/lib/python3.14/site-packages/torch/utils/data/dataloader.py:759: UserWarning: 'pin_memory' argument is set as true but not supported on MPS now, device pinned memory won't be used.
  super().__init__(loader)
[OCR 550/652]
/Users/richardkevin/code/encartes-history/.venv/lib/python3.14/site-packages/torch/utils/data/dataloader.py:759: UserWarning: 'pin_memory' argument is set as true but not supported on MPS now, device pinned memory won't be used.
  super().__init__(loader)
/Users/richardkevin/code/encartes-history/.venv/lib/python3.14/site-packages/torch/utils/data/dataloader.py:759: UserWarning: 'pin_memory' argument is set as true but not supported on MPS now, device pinned memory won't be used.
  super().__init__(loader)
/Users/richardkevin/code/encartes-history/.venv/lib/python3.14/site-packages/torch/utils/data/dataloader.py:759: UserWarning: 'pin_memory' argument is set as true but not supported on MPS now, device pinned memory won't be used.
  super().__init__(loader)
/Users/richardkevin/code/encartes-history/.venv/lib/python3.14/site-packages/torch/utils/data/dataloader.py:759: UserWarning: 'pin_memory' argument is set as true but not supported on MPS now, device pinned memory won't be used.
  super().__init__(loader)
/Users/richardkevin/code/encartes-history/.venv/lib/python3.14/site-packages/torch/utils/data/dataloader.py:759: UserWarning: 'pin_memory' argument is set as true but not supported on MPS now, device pinned memory won't be used.
  super().__init__(loader)
/Users/richardkevin/code/encartes-history/.venv/lib/python3.14/site-packages/torch/utils/data/dataloader.py:759: UserWarning: 'pin_memory' argument is set as true but not supported on MPS now, device pinned memory won't be used.
  super().__init__(loader)
/Users/richardkevin/code/encartes-history/.venv/lib/python3.14/site-packages/torch/utils/data/dataloader.py:759: UserWarning: 'pin_memory' argument is set as true but not supported on MPS now, device pinned memory won't be used.
  super().__init__(loader)
/Users/richardkevin/code/encartes-history/.venv/lib/python3.14/site-packages/torch/utils/data/dataloader.py:759: UserWarning: 'pin_memory' argument is set as true but not supported on MPS now, device pinned memory won't be used.
  super().__init__(loader)
/Users/richardkevin/code/encartes-history/.venv/lib/python3.14/site-packages/torch/utils/data/dataloader.py:759: UserWarning: 'pin_memory' argument is set as true but not supported on MPS now, device pinned memory won't be used.
  super().__init__(loader)
/Users/richardkevin/code/encartes-history/.venv/lib/python3.14/site-packages/torch/utils/data/dataloader.py:759: UserWarning: 'pin_memory' argument is set as true but not supported on MPS now, device pinned memory won't be used.
  super().__init__(loader)
[OCR 560/652]
/Users/richardkevin/code/encartes-history/.venv/lib/python3.14/site-packages/torch/utils/data/dataloader.py:759: UserWarning: 'pin_memory' argument is set as true but not supported on MPS now, device pinned memory won't be used.
  super().__init__(loader)
/Users/richardkevin/code/encartes-history/.venv/lib/python3.14/site-packages/torch/utils/data/dataloader.py:759: UserWarning: 'pin_memory' argument is set as true but not supported on MPS now, device pinned memory won't be used.
  super().__init__(loader)
/Users/richardkevin/code/encartes-history/.venv/lib/python3.14/site-packages/torch/utils/data/dataloader.py:759: UserWarning: 'pin_memory' argument is set as true but not supported on MPS now, device pinned memory won't be used.
  super().__init__(loader)
/Users/richardkevin/code/encartes-history/.venv/lib/python3.14/site-packages/torch/utils/data/dataloader.py:759: UserWarning: 'pin_memory' argument is set as true but not supported on MPS now, device pinned memory won't be used.
  super().__init__(loader)
/Users/richardkevin/code/encartes-history/.venv/lib/python3.14/site-packages/torch/utils/data/dataloader.py:759: UserWarning: 'pin_memory' argument is set as true but not supported on MPS now, device pinned memory won't be used.
  super().__init__(loader)
/Users/richardkevin/code/encartes-history/.venv/lib/python3.14/site-packages/torch/utils/data/dataloader.py:759: UserWarning: 'pin_memory' argument is set as true but not supported on MPS now, device pinned memory won't be used.
  super().__init__(loader)
/Users/richardkevin/code/encartes-history/.venv/lib/python3.14/site-packages/torch/utils/data/dataloader.py:759: UserWarning: 'pin_memory' argument is set as true but not supported on MPS now, device pinned memory won't be used.
  super().__init__(loader)
/Users/richardkevin/code/encartes-history/.venv/lib/python3.14/site-packages/torch/utils/data/dataloader.py:759: UserWarning: 'pin_memory' argument is set as true but not supported on MPS now, device pinned memory won't be used.
  super().__init__(loader)
/Users/richardkevin/code/encartes-history/.venv/lib/python3.14/site-packages/torch/utils/data/dataloader.py:759: UserWarning: 'pin_memory' argument is set as true but not supported on MPS now, device pinned memory won't be used.
  super().__init__(loader)
/Users/richardkevin/code/encartes-history/.venv/lib/python3.14/site-packages/torch/utils/data/dataloader.py:759: UserWarning: 'pin_memory' argument is set as true but not supported on MPS now, device pinned memory won't be used.
  super().__init__(loader)
[OCR 570/652]
/Users/richardkevin/code/encartes-history/.venv/lib/python3.14/site-packages/torch/utils/data/dataloader.py:759: UserWarning: 'pin_memory' argument is set as true but not supported on MPS now, device pinned memory won't be used.
  super().__init__(loader)
/Users/richardkevin/code/encartes-history/.venv/lib/python3.14/site-packages/torch/utils/data/dataloader.py:759: UserWarning: 'pin_memory' argument is set as true but not supported on MPS now, device pinned memory won't be used.
  super().__init__(loader)
/Users/richardkevin/code/encartes-history/.venv/lib/python3.14/site-packages/torch/utils/data/dataloader.py:759: UserWarning: 'pin_memory' argument is set as true but not supported on MPS now, device pinned memory won't be used.
  super().__init__(loader)
/Users/richardkevin/code/encartes-history/.venv/lib/python3.14/site-packages/torch/utils/data/dataloader.py:759: UserWarning: 'pin_memory' argument is set as true but not supported on MPS now, device pinned memory won't be used.
  super().__init__(loader)
/Users/richardkevin/code/encartes-history/.venv/lib/python3.14/site-packages/torch/utils/data/dataloader.py:759: UserWarning: 'pin_memory' argument is set as true but not supported on MPS now, device pinned memory won't be used.
  super().__init__(loader)
/Users/richardkevin/code/encartes-history/.venv/lib/python3.14/site-packages/torch/utils/data/dataloader.py:759: UserWarning: 'pin_memory' argument is set as true but not supported on MPS now, device pinned memory won't be used.
  super().__init__(loader)
/Users/richardkevin/code/encartes-history/.venv/lib/python3.14/site-packages/torch/utils/data/dataloader.py:759: UserWarning: 'pin_memory' argument is set as true but not supported on MPS now, device pinned memory won't be used.
  super().__init__(loader)
/Users/richardkevin/code/encartes-history/.venv/lib/python3.14/site-packages/torch/utils/data/dataloader.py:759: UserWarning: 'pin_memory' argument is set as true but not supported on MPS now, device pinned memory won't be used.
  super().__init__(loader)
/Users/richardkevin/code/encartes-history/.venv/lib/python3.14/site-packages/torch/utils/data/dataloader.py:759: UserWarning: 'pin_memory' argument is set as true but not supported on MPS now, device pinned memory won't be used.
  super().__init__(loader)
/Users/richardkevin/code/encartes-history/.venv/lib/python3.14/site-packages/torch/utils/data/dataloader.py:759: UserWarning: 'pin_memory' argument is set as true but not supported on MPS now, device pinned memory won't be used.
  super().__init__(loader)
[OCR 580/652]
/Users/richardkevin/code/encartes-history/.venv/lib/python3.14/site-packages/torch/utils/data/dataloader.py:759: UserWarning: 'pin_memory' argument is set as true but not supported on MPS now, device pinned memory won't be used.
  super().__init__(loader)
/Users/richardkevin/code/encartes-history/.venv/lib/python3.14/site-packages/torch/utils/data/dataloader.py:759: UserWarning: 'pin_memory' argument is set as true but not supported on MPS now, device pinned memory won't be used.
  super().__init__(loader)
/Users/richardkevin/code/encartes-history/.venv/lib/python3.14/site-packages/torch/utils/data/dataloader.py:759: UserWarning: 'pin_memory' argument is set as true but not supported on MPS now, device pinned memory won't be used.
  super().__init__(loader)
/Users/richardkevin/code/encartes-history/.venv/lib/python3.14/site-packages/torch/utils/data/dataloader.py:759: UserWarning: 'pin_memory' argument is set as true but not supported on MPS now, device pinned memory won't be used.
  super().__init__(loader)
/Users/richardkevin/code/encartes-history/.venv/lib/python3.14/site-packages/torch/utils/data/dataloader.py:759: UserWarning: 'pin_memory' argument is set as true but not supported on MPS now, device pinned memory won't be used.
  super().__init__(loader)
/Users/richardkevin/code/encartes-history/.venv/lib/python3.14/site-packages/torch/utils/data/dataloader.py:759: UserWarning: 'pin_memory' argument is set as true but not supported on MPS now, device pinned memory won't be used.
  super().__init__(loader)
/Users/richardkevin/code/encartes-history/.venv/lib/python3.14/site-packages/torch/utils/data/dataloader.py:759: UserWarning: 'pin_memory' argument is set as true but not supported on MPS now, device pinned memory won't be used.
  super().__init__(loader)
/Users/richardkevin/code/encartes-history/.venv/lib/python3.14/site-packages/torch/utils/data/dataloader.py:759: UserWarning: 'pin_memory' argument is set as true but not supported on MPS now, device pinned memory won't be used.
  super().__init__(loader)
/Users/richardkevin/code/encartes-history/.venv/lib/python3.14/site-packages/torch/utils/data/dataloader.py:759: UserWarning: 'pin_memory' argument is set as true but not supported on MPS now, device pinned memory won't be used.
  super().__init__(loader)
/Users/richardkevin/code/encartes-history/.venv/lib/python3.14/site-packages/torch/utils/data/dataloader.py:759: UserWarning: 'pin_memory' argument is set as true but not supported on MPS now, device pinned memory won't be used.
  super().__init__(loader)
[OCR 590/652]
/Users/richardkevin/code/encartes-history/.venv/lib/python3.14/site-packages/torch/utils/data/dataloader.py:759: UserWarning: 'pin_memory' argument is set as true but not supported on MPS now, device pinned memory won't be used.
  super().__init__(loader)
/Users/richardkevin/code/encartes-history/.venv/lib/python3.14/site-packages/torch/utils/data/dataloader.py:759: UserWarning: 'pin_memory' argument is set as true but not supported on MPS now, device pinned memory won't be used.
  super().__init__(loader)
/Users/richardkevin/code/encartes-history/.venv/lib/python3.14/site-packages/torch/utils/data/dataloader.py:759: UserWarning: 'pin_memory' argument is set as true but not supported on MPS now, device pinned memory won't be used.
  super().__init__(loader)
/Users/richardkevin/code/encartes-history/.venv/lib/python3.14/site-packages/torch/utils/data/dataloader.py:759: UserWarning: 'pin_memory' argument is set as true but not supported on MPS now, device pinned memory won't be used.
  super().__init__(loader)
/Users/richardkevin/code/encartes-history/.venv/lib/python3.14/site-packages/torch/utils/data/dataloader.py:759: UserWarning: 'pin_memory' argument is set as true but not supported on MPS now, device pinned memory won't be used.
  super().__init__(loader)
/Users/richardkevin/code/encartes-history/.venv/lib/python3.14/site-packages/torch/utils/data/dataloader.py:759: UserWarning: 'pin_memory' argument is set as true but not supported on MPS now, device pinned memory won't be used.
  super().__init__(loader)
/Users/richardkevin/code/encartes-history/.venv/lib/python3.14/site-packages/torch/utils/data/dataloader.py:759: UserWarning: 'pin_memory' argument is set as true but not supported on MPS now, device pinned memory won't be used.
  super().__init__(loader)
/Users/richardkevin/code/encartes-history/.venv/lib/python3.14/site-packages/torch/utils/data/dataloader.py:759: UserWarning: 'pin_memory' argument is set as true but not supported on MPS now, device pinned memory won't be used.
  super().__init__(loader)
/Users/richardkevin/code/encartes-history/.venv/lib/python3.14/site-packages/torch/utils/data/dataloader.py:759: UserWarning: 'pin_memory' argument is set as true but not supported on MPS now, device pinned memory won't be used.
  super().__init__(loader)
/Users/richardkevin/code/encartes-history/.venv/lib/python3.14/site-packages/torch/utils/data/dataloader.py:759: UserWarning: 'pin_memory' argument is set as true but not supported on MPS now, device pinned memory won't be used.
  super().__init__(loader)
[OCR 600/652]
/Users/richardkevin/code/encartes-history/.venv/lib/python3.14/site-packages/torch/utils/data/dataloader.py:759: UserWarning: 'pin_memory' argument is set as true but not supported on MPS now, device pinned memory won't be used.
  super().__init__(loader)
/Users/richardkevin/code/encartes-history/.venv/lib/python3.14/site-packages/torch/utils/data/dataloader.py:759: UserWarning: 'pin_memory' argument is set as true but not supported on MPS now, device pinned memory won't be used.
  super().__init__(loader)
/Users/richardkevin/code/encartes-history/.venv/lib/python3.14/site-packages/torch/utils/data/dataloader.py:759: UserWarning: 'pin_memory' argument is set as true but not supported on MPS now, device pinned memory won't be used.
  super().__init__(loader)
/Users/richardkevin/code/encartes-history/.venv/lib/python3.14/site-packages/torch/utils/data/dataloader.py:759: UserWarning: 'pin_memory' argument is set as true but not supported on MPS now, device pinned memory won't be used.
  super().__init__(loader)
/Users/richardkevin/code/encartes-history/.venv/lib/python3.14/site-packages/torch/utils/data/dataloader.py:759: UserWarning: 'pin_memory' argument is set as true but not supported on MPS now, device pinned memory won't be used.
  super().__init__(loader)
/Users/richardkevin/code/encartes-history/.venv/lib/python3.14/site-packages/torch/utils/data/dataloader.py:759: UserWarning: 'pin_memory' argument is set as true but not supported on MPS now, device pinned memory won't be used.
  super().__init__(loader)
/Users/richardkevin/code/encartes-history/.venv/lib/python3.14/site-packages/torch/utils/data/dataloader.py:759: UserWarning: 'pin_memory' argument is set as true but not supported on MPS now, device pinned memory won't be used.
  super().__init__(loader)
/Users/richardkevin/code/encartes-history/.venv/lib/python3.14/site-packages/torch/utils/data/dataloader.py:759: UserWarning: 'pin_memory' argument is set as true but not supported on MPS now, device pinned memory won't be used.
  super().__init__(loader)
/Users/richardkevin/code/encartes-history/.venv/lib/python3.14/site-packages/torch/utils/data/dataloader.py:759: UserWarning: 'pin_memory' argument is set as true but not supported on MPS now, device pinned memory won't be used.
  super().__init__(loader)
/Users/richardkevin/code/encartes-history/.venv/lib/python3.14/site-packages/torch/utils/data/dataloader.py:759: UserWarning: 'pin_memory' argument is set as true but not supported on MPS now, device pinned memory won't be used.
  super().__init__(loader)
[OCR 610/652]
/Users/richardkevin/code/encartes-history/.venv/lib/python3.14/site-packages/torch/utils/data/dataloader.py:759: UserWarning: 'pin_memory' argument is set as true but not supported on MPS now, device pinned memory won't be used.
  super().__init__(loader)
/Users/richardkevin/code/encartes-history/.venv/lib/python3.14/site-packages/torch/utils/data/dataloader.py:759: UserWarning: 'pin_memory' argument is set as true but not supported on MPS now, device pinned memory won't be used.
  super().__init__(loader)
/Users/richardkevin/code/encartes-history/.venv/lib/python3.14/site-packages/torch/utils/data/dataloader.py:759: UserWarning: 'pin_memory' argument is set as true but not supported on MPS now, device pinned memory won't be used.
  super().__init__(loader)
/Users/richardkevin/code/encartes-history/.venv/lib/python3.14/site-packages/torch/utils/data/dataloader.py:759: UserWarning: 'pin_memory' argument is set as true but not supported on MPS now, device pinned memory won't be used.
  super().__init__(loader)
/Users/richardkevin/code/encartes-history/.venv/lib/python3.14/site-packages/torch/utils/data/dataloader.py:759: UserWarning: 'pin_memory' argument is set as true but not supported on MPS now, device pinned memory won't be used.
  super().__init__(loader)
/Users/richardkevin/code/encartes-history/.venv/lib/python3.14/site-packages/torch/utils/data/dataloader.py:759: UserWarning: 'pin_memory' argument is set as true but not supported on MPS now, device pinned memory won't be used.
  super().__init__(loader)
/Users/richardkevin/code/encartes-history/.venv/lib/python3.14/site-packages/torch/utils/data/dataloader.py:759: UserWarning: 'pin_memory' argument is set as true but not supported on MPS now, device pinned memory won't be used.
  super().__init__(loader)
/Users/richardkevin/code/encartes-history/.venv/lib/python3.14/site-packages/torch/utils/data/dataloader.py:759: UserWarning: 'pin_memory' argument is set as true but not supported on MPS now, device pinned memory won't be used.
  super().__init__(loader)
/Users/richardkevin/code/encartes-history/.venv/lib/python3.14/site-packages/torch/utils/data/dataloader.py:759: UserWarning: 'pin_memory' argument is set as true but not supported on MPS now, device pinned memory won't be used.
  super().__init__(loader)
/Users/richardkevin/code/encartes-history/.venv/lib/python3.14/site-packages/torch/utils/data/dataloader.py:759: UserWarning: 'pin_memory' argument is set as true but not supported on MPS now, device pinned memory won't be used.
  super().__init__(loader)
[OCR 620/652]
/Users/richardkevin/code/encartes-history/.venv/lib/python3.14/site-packages/torch/utils/data/dataloader.py:759: UserWarning: 'pin_memory' argument is set as true but not supported on MPS now, device pinned memory won't be used.
  super().__init__(loader)
/Users/richardkevin/code/encartes-history/.venv/lib/python3.14/site-packages/torch/utils/data/dataloader.py:759: UserWarning: 'pin_memory' argument is set as true but not supported on MPS now, device pinned memory won't be used.
  super().__init__(loader)
/Users/richardkevin/code/encartes-history/.venv/lib/python3.14/site-packages/torch/utils/data/dataloader.py:759: UserWarning: 'pin_memory' argument is set as true but not supported on MPS now, device pinned memory won't be used.
  super().__init__(loader)
/Users/richardkevin/code/encartes-history/.venv/lib/python3.14/site-packages/torch/utils/data/dataloader.py:759: UserWarning: 'pin_memory' argument is set as true but not supported on MPS now, device pinned memory won't be used.
  super().__init__(loader)
/Users/richardkevin/code/encartes-history/.venv/lib/python3.14/site-packages/torch/utils/data/dataloader.py:759: UserWarning: 'pin_memory' argument is set as true but not supported on MPS now, device pinned memory won't be used.
  super().__init__(loader)
/Users/richardkevin/code/encartes-history/.venv/lib/python3.14/site-packages/torch/utils/data/dataloader.py:759: UserWarning: 'pin_memory' argument is set as true but not supported on MPS now, device pinned memory won't be used.
  super().__init__(loader)
/Users/richardkevin/code/encartes-history/.venv/lib/python3.14/site-packages/torch/utils/data/dataloader.py:759: UserWarning: 'pin_memory' argument is set as true but not supported on MPS now, device pinned memory won't be used.
  super().__init__(loader)
/Users/richardkevin/code/encartes-history/.venv/lib/python3.14/site-packages/torch/utils/data/dataloader.py:759: UserWarning: 'pin_memory' argument is set as true but not supported on MPS now, device pinned memory won't be used.
  super().__init__(loader)
/Users/richardkevin/code/encartes-history/.venv/lib/python3.14/site-packages/torch/utils/data/dataloader.py:759: UserWarning: 'pin_memory' argument is set as true but not supported on MPS now, device pinned memory won't be used.
  super().__init__(loader)
/Users/richardkevin/code/encartes-history/.venv/lib/python3.14/site-packages/torch/utils/data/dataloader.py:759: UserWarning: 'pin_memory' argument is set as true but not supported on MPS now, device pinned memory won't be used.
  super().__init__(loader)
[OCR 630/652]
/Users/richardkevin/code/encartes-history/.venv/lib/python3.14/site-packages/torch/utils/data/dataloader.py:759: UserWarning: 'pin_memory' argument is set as true but not supported on MPS now, device pinned memory won't be used.
  super().__init__(loader)
/Users/richardkevin/code/encartes-history/.venv/lib/python3.14/site-packages/torch/utils/data/dataloader.py:759: UserWarning: 'pin_memory' argument is set as true but not supported on MPS now, device pinned memory won't be used.
  super().__init__(loader)
/Users/richardkevin/code/encartes-history/.venv/lib/python3.14/site-packages/torch/utils/data/dataloader.py:759: UserWarning: 'pin_memory' argument is set as true but not supported on MPS now, device pinned memory won't be used.
  super().__init__(loader)
/Users/richardkevin/code/encartes-history/.venv/lib/python3.14/site-packages/torch/utils/data/dataloader.py:759: UserWarning: 'pin_memory' argument is set as true but not supported on MPS now, device pinned memory won't be used.
  super().__init__(loader)
/Users/richardkevin/code/encartes-history/.venv/lib/python3.14/site-packages/torch/utils/data/dataloader.py:759: UserWarning: 'pin_memory' argument is set as true but not supported on MPS now, device pinned memory won't be used.
  super().__init__(loader)
/Users/richardkevin/code/encartes-history/.venv/lib/python3.14/site-packages/torch/utils/data/dataloader.py:759: UserWarning: 'pin_memory' argument is set as true but not supported on MPS now, device pinned memory won't be used.
  super().__init__(loader)
/Users/richardkevin/code/encartes-history/.venv/lib/python3.14/site-packages/torch/utils/data/dataloader.py:759: UserWarning: 'pin_memory' argument is set as true but not supported on MPS now, device pinned memory won't be used.
  super().__init__(loader)
/Users/richardkevin/code/encartes-history/.venv/lib/python3.14/site-packages/torch/utils/data/dataloader.py:759: UserWarning: 'pin_memory' argument is set as true but not supported on MPS now, device pinned memory won't be used.
  super().__init__(loader)
/Users/richardkevin/code/encartes-history/.venv/lib/python3.14/site-packages/torch/utils/data/dataloader.py:759: UserWarning: 'pin_memory' argument is set as true but not supported on MPS now, device pinned memory won't be used.
  super().__init__(loader)
/Users/richardkevin/code/encartes-history/.venv/lib/python3.14/site-packages/torch/utils/data/dataloader.py:759: UserWarning: 'pin_memory' argument is set as true but not supported on MPS now, device pinned memory won't be used.
  super().__init__(loader)
[OCR 640/652]
/Users/richardkevin/code/encartes-history/.venv/lib/python3.14/site-packages/torch/utils/data/dataloader.py:759: UserWarning: 'pin_memory' argument is set as true but not supported on MPS now, device pinned memory won't be used.
  super().__init__(loader)
/Users/richardkevin/code/encartes-history/.venv/lib/python3.14/site-packages/torch/utils/data/dataloader.py:759: UserWarning: 'pin_memory' argument is set as true but not supported on MPS now, device pinned memory won't be used.
  super().__init__(loader)
/Users/richardkevin/code/encartes-history/.venv/lib/python3.14/site-packages/torch/utils/data/dataloader.py:759: UserWarning: 'pin_memory' argument is set as true but not supported on MPS now, device pinned memory won't be used.
  super().__init__(loader)
/Users/richardkevin/code/encartes-history/.venv/lib/python3.14/site-packages/torch/utils/data/dataloader.py:759: UserWarning: 'pin_memory' argument is set as true but not supported on MPS now, device pinned memory won't be used.
  super().__init__(loader)
/Users/richardkevin/code/encartes-history/.venv/lib/python3.14/site-packages/torch/utils/data/dataloader.py:759: UserWarning: 'pin_memory' argument is set as true but not supported on MPS now, device pinned memory won't be used.
  super().__init__(loader)
/Users/richardkevin/code/encartes-history/.venv/lib/python3.14/site-packages/torch/utils/data/dataloader.py:759: UserWarning: 'pin_memory' argument is set as true but not supported on MPS now, device pinned memory won't be used.
  super().__init__(loader)
/Users/richardkevin/code/encartes-history/.venv/lib/python3.14/site-packages/torch/utils/data/dataloader.py:759: UserWarning: 'pin_memory' argument is set as true but not supported on MPS now, device pinned memory won't be used.
  super().__init__(loader)
/Users/richardkevin/code/encartes-history/.venv/lib/python3.14/site-packages/torch/utils/data/dataloader.py:759: UserWarning: 'pin_memory' argument is set as true but not supported on MPS now, device pinned memory won't be used.
  super().__init__(loader)
/Users/richardkevin/code/encartes-history/.venv/lib/python3.14/site-packages/torch/utils/data/dataloader.py:759: UserWarning: 'pin_memory' argument is set as true but not supported on MPS now, device pinned memory won't be used.
  super().__init__(loader)
/Users/richardkevin/code/encartes-history/.venv/lib/python3.14/site-packages/torch/utils/data/dataloader.py:759: UserWarning: 'pin_memory' argument is set as true but not supported on MPS now, device pinned memory won't be used.
  super().__init__(loader)
[OCR 650/652]
/Users/richardkevin/code/encartes-history/.venv/lib/python3.14/site-packages/torch/utils/data/dataloader.py:759: UserWarning: 'pin_memory' argument is set as true but not supported on MPS now, device pinned memory won't be used.
  super().__init__(loader)
/Users/richardkevin/code/encartes-history/.venv/lib/python3.14/site-packages/torch/utils/data/dataloader.py:759: UserWarning: 'pin_memory' argument is set as true but not supported on MPS now, device pinned memory won't be used.
  super().__init__(loader)

72 pares similares -> 37 grupos de duplicatas:

GRUPO (manter: guanabara_2021-11-07_07a10112021_pag02.jpg):
  REMOVER guanabara_2021-11-11_1111ate16112021_pag02.jpg (similaridade 0.979)

GRUPO (manter: guanabara_2021-11-07_07a10112021_pag07.jpg):
  REMOVER guanabara_2021-11-11_1111ate16112021_pag07.jpg (similaridade 0.933)

GRUPO (manter: guanabara_2021-11-07_07a10112021_pag08.jpg):
  REMOVER guanabara_2021-11-11_1111ate16112021_pag08.jpg (similaridade 0.899)

GRUPO (manter: guanabara_2021-11-07_07a10112021_pag09.jpg):
  REMOVER guanabara_2021-11-11_1111ate16112021_pag09.jpg (similaridade 0.995)

GRUPO (manter: guanabara_2021-11-07_07a10112021_pag10.jpg):
  REMOVER guanabara_2021-11-11_1111ate16112021_pag10.jpg (similaridade 0.994)

GRUPO (manter: guanabara_2021-11-07_07a10112021_pag11.jpg):
  REMOVER guanabara_2021-11-11_1111ate16112021_pag11.jpg (similaridade 0.989)

GRUPO (manter: guanabara_2022-11-11_11a16112022_pag07.jpg):
  REMOVER guanabara_2022-11-29_29-ate-0512_pag07.jpg (similaridade 0.859)

GRUPO (manter: guanabara_2023-02-08_08022023_pag02.jpg):
  REMOVER guanabara_2023-02-09_09022023_pag02.jpg (similaridade 0.989)

GRUPO (manter: guanabara_2023-02-18_18a25022023_pag07.jpg):
  REMOVER guanabara_2023-02-26_26a28022023_pag07.jpg (similaridade 0.989)
  REMOVER guanabara_2023-03-01_01a04032023_pag07.jpg (similaridade 0.989)
  REMOVER guanabara_2023-03-05_05e072023_pag07.jpg (similaridade 0.989)

GRUPO (manter: guanabara_2023-02-18_18a25022023_pag08.jpg):
  REMOVER guanabara_2023-02-26_26a28022023_pag08.jpg (similaridade 0.991)
  REMOVER guanabara_2023-03-01_01a04032023_pag08.jpg (similaridade 0.991)
  REMOVER guanabara_2023-03-05_05e072023_pag08.jpg (similaridade 0.991)

GRUPO (manter: guanabara_2023-02-18_18a25022023_pag10.jpg):
  REMOVER guanabara_2023-02-26_26a28022023_pag10.jpg (similaridade 0.992)
  REMOVER guanabara_2023-03-01_01a04032023_pag10.jpg (similaridade 0.992)
  REMOVER guanabara_2023-03-05_05e072023_pag10.jpg (similaridade 0.992)

GRUPO (manter: guanabara_2023-02-18_18a25022023_pag11.jpg):
  REMOVER guanabara_2023-02-26_26a28022023_pag11.jpg (similaridade 0.989)
  REMOVER guanabara_2023-03-01_01a04032023_pag11.jpg (similaridade 0.989)
  REMOVER guanabara_2023-03-05_05e072023_pag11.jpg (similaridade 0.989)

GRUPO (manter: guanabara_2023-02-18_18a25022023_pag12.jpg):
  REMOVER guanabara_2023-02-26_26a28022023_pag12.jpg (similaridade 0.992)
  REMOVER guanabara_2023-03-01_01a04032023_pag12.jpg (similaridade 0.992)
  REMOVER guanabara_2023-03-05_05e072023_pag12.jpg (similaridade 0.992)

GRUPO (manter: guanabara_2023-02-26_26a28022023_pag04.jpg):
  REMOVER guanabara_2023-03-01_01a04032023_pag04.jpg (similaridade 0.99)
  REMOVER guanabara_2023-03-05_05e072023_pag04.jpg (similaridade 0.99)

GRUPO (manter: guanabara_2023-03-01_01a04032023_pag09.jpg):
  REMOVER guanabara_2023-03-05_05e072023_pag09.jpg (similaridade 0.883)

GRUPO (manter: guanabara_2024-02-16_16a20022024_pag02.jpg):
  REMOVER guanabara_2024-03-06_folheto06a08032024_pag02.jpg (similaridade 0.983)

GRUPO (manter: guanabara_2024-02-16_16a20022024_pag06.jpg):
  REMOVER guanabara_2024-03-06_folheto06a08032024_pag06.jpg (similaridade 0.99)

GRUPO (manter: guanabara_2024-03-06_folheto06a08032024_pag01.jpg):
  REMOVER guanabara_2024-03-13_13a15032024_pag01.jpg (similaridade 0.992)

GRUPO (manter: guanabara_2024-03-06_folheto06a08032024_pag03.jpg):
  REMOVER guanabara_2024-03-13_13a15032024_pag03.jpg (similaridade 0.989)

GRUPO (manter: guanabara_2024-03-06_folheto06a08032024_pag04.jpg):
  REMOVER guanabara_2024-03-13_13a15032024_pag02.jpg (similaridade 0.989)

GRUPO (manter: guanabara_2024-03-06_folheto06a08032024_pag05.jpg):
  REMOVER guanabara_2024-03-13_13a15032024_pag04.jpg (similaridade 0.854)

GRUPO (manter: guanabara_2024-03-27_27e28032024_pag01.jpg):
  REMOVER guanabara_2024-03-29_2903a01042024_pag01.jpg (similaridade 0.92)

GRUPO (manter: guanabara_2024-03-27_27e28032024_pag02.jpg):
  REMOVER guanabara_2024-03-29_2903a01042024_pag02.jpg (similaridade 0.932)

GRUPO (manter: guanabara_2024-03-27_27e28032024_pag03.jpg):
  REMOVER guanabara_2024-03-29_2903a01042024_pag03.jpg (similaridade 0.955)

GRUPO (manter: guanabara_2024-03-27_27e28032024_pag04.jpg):
  REMOVER guanabara_2024-03-29_2903a01042024_pag04.jpg (similaridade 0.872)

GRUPO (manter: guanabara_2024-03-27_27e28032024_pag06.jpg):
  REMOVER guanabara_2024-03-29_2903a01042024_pag06.jpg (similaridade 0.95)

GRUPO (manter: guanabara_2024-03-27_27e28032024_pag07.jpg):
  REMOVER guanabara_2024-03-29_2903a01042024_pag07.jpg (similaridade 0.99)
  REMOVER guanabara_2024-04-02_02a05042024_pag07.jpg (similaridade 0.99)

GRUPO (manter: guanabara_2024-03-27_27e28032024_pag08.jpg):
  REMOVER guanabara_2024-03-29_2903a01042024_pag08.jpg (similaridade 0.977)
  REMOVER guanabara_2024-04-02_02a05042024_pag08.jpg (similaridade 0.977)

GRUPO (manter: guanabara_2024-05-04_04a07052024_pag04.jpg):
  REMOVER guanabara_2024-05-15_15-ate-17_pag04.jpg (similaridade 0.95)

GRUPO (manter: guanabara_2024-09-04_0409-ate-0609_pag04.jpg):
  REMOVER guanabara_2024-09-11_11a13092024_pag04.jpg (similaridade 0.992)
  REMOVER guanabara_2024-09-14_14a16092024_pag04.jpg (similaridade 0.992)

GRUPO (manter: guanabara_2024-09-04_0409-ate-0609_pag05.jpg):
  REMOVER guanabara_2024-09-11_11a13092024_pag05.jpg (similaridade 0.993)
  REMOVER guanabara_2024-09-14_14a16092024_pag05.jpg (similaridade 0.993)

GRUPO (manter: guanabara_2024-09-11_11a13092024_pag02.jpg):
  REMOVER guanabara_2024-09-14_14a16092024_pag02.jpg (similaridade 0.978)
  REMOVER guanabara_2025-05-19_07a10092024_pag02.jpg (similaridade 0.978)

GRUPO (manter: guanabara_2024-09-11_11a13092024_pag03.jpg):
  REMOVER guanabara_2024-09-14_14a16092024_pag03.jpg (similaridade 0.851)

GRUPO (manter: guanabara_2024-09-11_11a13092024_pag07.jpg):
  REMOVER guanabara_2024-09-14_14a16092024_pag07.jpg (similaridade 0.88)

GRUPO (manter: guanabara_2024-09-14_14a16092024_pag01.jpg):
  REMOVER guanabara_2025-05-19_07a10092024_pag01.jpg (similaridade 0.926)

GRUPO (manter: guanabara_2025-02-08_08a11022025_pag02.jpg):
  REMOVER guanabara_2025-02-19_19a23022025_pag08.jpg (similaridade 0.973)

GRUPO (manter: guanabara_2025-02-24_2402a27022025_pag03.jpg):
  REMOVER guanabara_2025-02-28_2802ate11032025_pag03.jpg (similaridade 0.889)

Removendo 53 arquivo(s)...
  removido: guanabara_2021-11-11_1111ate16112021_pag02.jpg
  removido: guanabara_2021-11-11_1111ate16112021_pag07.jpg
  removido: guanabara_2021-11-11_1111ate16112021_pag08.jpg
  removido: guanabara_2021-11-11_1111ate16112021_pag09.jpg
  removido: guanabara_2021-11-11_1111ate16112021_pag10.jpg
  removido: guanabara_2021-11-11_1111ate16112021_pag11.jpg
  removido: guanabara_2022-11-29_29-ate-0512_pag07.jpg
  removido: guanabara_2023-02-09_09022023_pag02.jpg
  removido: guanabara_2023-02-26_26a28022023_pag07.jpg
  removido: guanabara_2023-03-01_01a04032023_pag07.jpg
  removido: guanabara_2023-03-05_05e072023_pag07.jpg
  removido: guanabara_2023-02-26_26a28022023_pag08.jpg
  removido: guanabara_2023-03-01_01a04032023_pag08.jpg
  removido: guanabara_2023-03-05_05e072023_pag08.jpg
  removido: guanabara_2023-02-26_26a28022023_pag10.jpg
  removido: guanabara_2023-03-01_01a04032023_pag10.jpg
  removido: guanabara_2023-03-05_05e072023_pag10.jpg
  removido: guanabara_2023-02-26_26a28022023_pag11.jpg
  removido: guanabara_2023-03-01_01a04032023_pag11.jpg
  removido: guanabara_2023-03-05_05e072023_pag11.jpg
  removido: guanabara_2023-02-26_26a28022023_pag12.jpg
  removido: guanabara_2023-03-01_01a04032023_pag12.jpg
  removido: guanabara_2023-03-05_05e072023_pag12.jpg
  removido: guanabara_2023-03-01_01a04032023_pag04.jpg
  removido: guanabara_2023-03-05_05e072023_pag04.jpg
  removido: guanabara_2023-03-05_05e072023_pag09.jpg
  removido: guanabara_2024-03-06_folheto06a08032024_pag02.jpg
  removido: guanabara_2024-03-06_folheto06a08032024_pag06.jpg
  removido: guanabara_2024-03-13_13a15032024_pag01.jpg
  removido: guanabara_2024-03-13_13a15032024_pag03.jpg
  removido: guanabara_2024-03-13_13a15032024_pag02.jpg
  removido: guanabara_2024-03-13_13a15032024_pag04.jpg
  removido: guanabara_2024-03-29_2903a01042024_pag01.jpg
  removido: guanabara_2024-03-29_2903a01042024_pag02.jpg
  removido: guanabara_2024-03-29_2903a01042024_pag03.jpg
  removido: guanabara_2024-03-29_2903a01042024_pag04.jpg
  removido: guanabara_2024-03-29_2903a01042024_pag06.jpg
  removido: guanabara_2024-03-29_2903a01042024_pag07.jpg
  removido: guanabara_2024-04-02_02a05042024_pag07.jpg
  removido: guanabara_2024-03-29_2903a01042024_pag08.jpg
  removido: guanabara_2024-04-02_02a05042024_pag08.jpg
  removido: guanabara_2024-05-15_15-ate-17_pag04.jpg
  removido: guanabara_2024-09-11_11a13092024_pag04.jpg
  removido: guanabara_2024-09-14_14a16092024_pag04.jpg
  removido: guanabara_2024-09-11_11a13092024_pag05.jpg
  removido: guanabara_2024-09-14_14a16092024_pag05.jpg
  removido: guanabara_2024-09-14_14a16092024_pag02.jpg
  removido: guanabara_2025-05-19_07a10092024_pag02.jpg
  removido: guanabara_2024-09-14_14a16092024_pag03.jpg
  removido: guanabara_2024-09-14_14a16092024_pag07.jpg
  removido: guanabara_2025-05-19_07a10092024_pag01.jpg
  removido: guanabara_2025-02-19_19a23022025_pag08.jpg
  removido: guanabara_2025-02-28_2802ate11032025_pag03.jpg

Concluido. Imagens restantes: 599
